1.615508885,0.04365349795
2.911281637,0.005502351936
3.836833603,0.05643603953
4.947495961,0.02252289435
6.243268713,0.05649544008
7.168820679,0.005607445218
8.279483037,0.03109028147
8.46459343,0.07352055177
10.50080775,0.04811539316
10.68591815,0.09054566346
12.72213247,0.1202939162
14.94345719,0.1373190279
17.16478191,0.1628292798
19.38610662,0.1798543915
21.60743134,0.1162706712
23.82875606,0.2266323251
26.05008078,0.252142577
28.27140549,0.1800737166
30.49273021,0.2861928004
32.15872375,0.3032042043
32.71405493,0.21836651
34.38004847,0.320229316
34.93537964,0.2353916217
37.15670436,0.3372681355
39.37802908,0.3500506771
41.5993538,0.3628332186
43.82067851,0.3798583303
46.04200323,0.3035468998
48.26332795,0.4096659836
50.48465267,0.4224485252
52.70597738,0.3461370946
54.9273021,0.3631622063
57.14862682,0.380187318
59.36995153,0.4014549998
61.59127625,0.4184801115
63.81260097,0.4355052232
66.03392569,0.456772905
68.2552504,0.4907682971
70.47657512,0.5120359788
71.0319063,0.509628799
72.69789984,0.5436104833
74.36389338,0.5606218872
76.02988691,0.5946035715
77.69588045,0.6116149753
79.36187399,0.6455966596
80.65764674,0.6739124452
82.13852989,0.7050611801
83.80452342,0.7475280046
85.47051696,0.7475691281
86.02584814,0.7730382565
87.32162089,0.8098391823
88.80250404,0.8240176368
89.54294561,0.8579764748
93.24515347,0.9344341221
93.80048465,0.9683883907
95.46647819,0.9853997946
96.20691976,1.013701872
99.35379645,1.104287712
102.6857835,1.168008511
103.9815563,1.200566866
105.4624394,1.231715601
107.128433,1.265697286
108.7944265,1.29119383
109.9050889,1.316676666
113.2370759,1.376154894
114.9030695,1.414379149
119.3457189,1.469642223
121.5670436,1.486667334
123.7883683,1.486722165
125.4543619,1.495248429
133.7843296,1.546364888
136.0056543,1.554904859
138.226979,1.563444831
146.0016155,1.623032722
154.8869144,1.686890598
157.1082391,1.69967314
158.7742326,1.716684544
161.5508885,1.742208503
163.7722132,1.754991045
165.993538,1.772016157
168.2148627,1.793283838
170.4361874,1.81879409
172.6575121,1.835819202
174.8788368,1.857086884
176.5448304,1.869855718
180.4321486,1.908134803
182.6534733,1.929402485
184.8747981,1.937942457
186.5407916,1.95495386
187.0961228,1.980422989
189.3174475,2.005933241
190.983441,2.005974364
191.5387722,2.031443493
193.2047658,2.022999476
193.9452073,2.051301554
195.4260905,2.056994868
195.9814216,2.082463996
197.6474152,2.0994754
205.9773829,2.21423041
208.1987076,2.227012952
209.8647011,2.244024356
213.7520194,2.307758862
215.9733441,2.329026544
218.1946688,2.367264506
220.4159935,2.397017328
222.6373183,2.42252758
224.858643,2.443795262
226.1544157,2.473525237
228.19063,2.49478835
229.4864028,2.527346706
230.9672859,2.53304002
231.7077275,2.561342098
233.1886107,2.558550272
233.9290522,2.59250911
235.4099354,2.592545664
236.150377,2.626504502
237.6312601,2.618055916
240.407916,2.694490717
242.6292407,2.736971249
244.2952342,2.753982653
245.0356758,2.782284731
246.516559,2.779492905
247.2570005,2.813451743
248.7378837,2.821973437
249.2932149,2.855927706
251.5145396,2.898408238
254.8465267,2.957886466
256.1422994,2.986202252
257.6231826,2.983410426
258.3636241,3.020197644
259.8445073,3.034376099
260.5849488,3.068334937
262.065832,3.076856631
262.6211632,3.106568329
263.7318255,3.136293736
265.9531502,3.157561418
267.0638126,3.195771964
268.7298061,3.212783368
269.2851373,3.246737637
270.9511309,3.263749041
271.506462,3.293460739
272.8022348,3.323190715
274.2831179,3.331712409
274.8384491,3.361424108
275.9491115,3.399634654
277.615105,3.425131198
279.2810985,3.459112883
280.3917609,3.493080859
280.9470921,3.467639146
281.6875337,3.527053405
283.1684168,3.518604819
283.9088584,3.580847457
285.3897415,3.603511052
286.1301831,3.63181313
287.6110662,3.654476725
288.1663974,3.679945853
289.4621702,3.716746779
291.4983845,3.764879502
292.7941572,3.798852048
293.164378,3.756435485
294.2750404,3.815858882
294.8303716,3.849813151
295.9410339,3.883781127
297.0516963,3.926234244
299.273021,3.977199917
300.5687938,4.019657603
302.0496769,4.028179297
302.7901185,4.056481375
304.8263328,4.087643817
306.4923263,4.06222952
307.0476575,4.12163921
308.1583199,4.155607186
308.7136511,4.121680333
309.2689822,4.062298059
310.9349758,4.062339183
311.4903069,4.079323171
313.1563005,4.062394014
313.7116317,4.087863143
315.9329564,4.096403114
318.1542811,4.104943086
320.3756058,4.104997917
322.5969305,4.117780458
324.8182553,4.12632043
327.03958,4.139102971
328.1502423,4.113674966
329.4460151,4.141990752
331.4822294,4.156182914
333.7035541,4.130782325
335.9248788,4.173262857
338.1462036,4.173317689
340.5526387,4.176205469
342.0335218,4.164928503
342.7739634,4.190402201
344.8101777,4.207422743
346.4761712,4.182008446
347.2166128,4.207482144
349.2528271,4.224502686
350.9188207,4.199088389
351.6592623,4.227390467
353.6954766,4.241582629
355.9168013,4.241637461
358.138126,4.250177432
360.5445611,4.261550353
362.5807754,4.275742515
364.8021002,4.275797346
367.0234249,4.267367038
369.2447496,4.30984757
371.4660743,4.309902401
373.687399,4.318442373
376.0938341,4.329815293
378.1300485,4.318552035
380.5364836,4.346895236
382.5726979,4.335631978
384.2386914,4.335673102
384.979133,4.361146799
387.0153473,4.348469351
388.6813409,4.352753045
389.2366721,4.378222173
391.4579968,4.395247285
393.1239903,4.386803268
393.6793215,4.412272396
396.0857566,4.415160177
398.1219709,4.429352339
400.3432956,4.446377451
402.5646204,4.446432282
404.7859451,4.463457394
407.1923802,4.466345175
409.2285945,4.480537337
411.6350296,4.483425118
413.1159128,4.472148151
413.6712439,4.49761728
415.8925687,4.489186971
418.2990038,4.517530172
420.3352181,4.506266914
422.5565428,4.523292026
424.2225363,4.523333149
424.9629779,4.548806847
426.9991922,4.540371969
429.220517,4.55739708
431.4418417,4.582907332
433.1078352,4.574463315
433.6631664,4.599932444
435.8844911,4.616957556
437.5504847,4.591543258
438.2909262,4.617016956
440.3271405,4.634037499
441.9931341,4.608623201
442.7335757,4.634096899
444.76979,4.625662021
446.9911147,4.668142553
449.2124394,4.655469674
451.4337641,4.685222496
453.6550889,4.702247608
455.8764136,4.689574729
457.5424071,4.693858422
458.2828487,4.71933212
460.319063,4.736352662
462.5403877,4.753377774
464.2063813,4.727963477
464.9468228,4.756265555
466.427706,4.744988589
466.9830372,4.770457717
469.2043619,4.787482829
470.8703554,4.762068532
471.610797,4.790370609
473.0916801,4.779093643
473.6470113,4.804562772
475.3130048,4.796118755
475.868336,4.821587883
478.2747711,4.824475664
479.7556543,4.813198698
480.4960959,4.838672396
482.5323102,4.830237518
484.7536349,4.87271805
487.16007,4.87560583
489.1962843,4.889797993
490.8622779,4.881353976
491.417609,4.906823104
493.6389338,4.923848216
495.3049273,4.898433919
496.0453689,4.926735997
497.526252,4.915459031
498.2666936,4.943761108
500.3029079,4.957953271
502.5242326,4.974978383
504.1902262,4.949564085
504.9306677,4.977866163
506.9668821,4.992058325
509.1882068,5.009083437
511.4095315,5.026108549
513.6308562,5.01343567
515.2968498,5.017719363
516.0372913,5.046021441
518.0735057,5.060213604
520.2948304,5.077238715
522.5161551,5.068808406
524.1821486,5.06884953
524.9225902,5.094323227
526.4034733,5.085874641
527.1439149,5.111348339
529.1801292,5.128368882
531.401454,5.145393993
533.6227787,5.162419105
535.2887722,5.137004808
536.0292138,5.162478505
537.5100969,5.154029919
538.2505385,5.179503617
540.2867528,5.19652416
542.5080775,5.213549271
544.7294023,5.230574383
546.950727,5.217901504
548.6167205,5.222185197
549.3571621,5.250487275
550.8380452,5.239210309
551.5784868,5.264684007
553.05937,5.256235421
553.7998115,5.284537499
555.8360258,5.298729661
558.0573506,5.315754773
560.2786753,5.332779884
561.9446688,5.307365587
562.6851104,5.335667665
564.1659935,5.324390699
564.9064351,5.349864397
566.3873183,5.341415811
567.1277598,5.366889508
568.608643,5.358440922
569.3490845,5.38391462
571.3852989,5.400935162
573.6066236,5.388262283
575.8279483,5.434985386
578.049273,5.452010497
580.2705977,5.439337618
581.9365913,5.443621312
582.6770328,5.46909501
584.157916,5.460646424
584.8983576,5.486120121
586.3792407,5.477671535
587.1196823,5.503145233
588.6005654,5.494696647
589.341007,5.520170345
590.8218901,5.511721759
591.5623317,5.537195456
593.0432149,5.52874687
593.7836564,5.554220568
595.2645396,5.545771982
596.0049812,5.57124568
597.4858643,5.554311954
598.2263059,5.588270792
600.2625202,5.605291334
602.4838449,5.622316446
604.1498384,5.605387289
604.89028,5.639346127
606.3711632,5.6224124
607.1116047,5.656371238
608.5924879,5.639437512
609.3329295,5.67339635
610.8138126,5.656462624
611.5542542,5.690421462
613.5904685,5.677744013
615.8117932,5.699011695
618.0331179,5.741492227
620.2544426,5.758517339
621.9204362,5.741588182
622.6608778,5.77554702
624.6970921,5.792567563
626.9184168,5.779894683
629.1397415,5.796919795
631.3610662,5.813944907
633.582391,5.822484878
633.7675013,5.860672579
635.8037157,5.877693121
638.0250404,5.860777672
640.2463651,5.911743344
642.4676898,5.928768456
644.6890145,5.945793568
646.9103393,5.933120689
648.5763328,5.954374663
649.3167744,5.97984836
650.7976575,5.962914634
651.5380991,5.996873472
653.0189822,5.988424886
653.7594238,6.013898584
655.2403069,6.005449998
655.9807485,6.030923695
657.4616317,6.022475109
658.2020732,6.047948807
659.6829564,6.039500221
660.423398,6.064973919
661.9042811,6.056525333
662.6447227,6.08199903
664.1256058,6.073550444
664.8660474,6.101852522
666.9022617,6.133014965
669.1235864,6.150040077
671.3449111,6.167065188
673.5662359,6.158634879
675.2322294,6.175646283
675.972671,6.201119981
677.4535541,6.192671395
678.1939957,6.218145093
679.6748788,6.209696507
680.4153204,6.235170204
682.4515347,6.239463037
684.6728595,6.286186139
686.8941842,6.26502812
687.0792946,6.30321582
689.1155089,6.320236362
690.7815024,6.303307205
691.521944,6.337266043
693.0028271,6.320332317
693.7432687,6.354291155
695.2241519,6.337357429
695.9645934,6.371316267
698.0008078,6.405307089
700.2221325,6.39263421
701.888126,6.405403044
702.6285676,6.439361882
704.1094507,6.430913296
704.8498923,6.456386994
706.8861066,6.490377817
709.1074313,6.473462367
710.7734249,6.490473771
711.5138665,6.524432609
712.9947496,6.507498883
713.7351912,6.541457721
715.2160743,6.533009135
715.9565159,6.558482833
717.437399,6.550034247
718.1778406,6.578336324
719.6587237,6.575544499
720.3991653,6.609503336
721.8800485,6.59256961
722.62049,6.626528448
724.1013732,6.618079862
724.8418148,6.64355356
726.8780291,6.643603822
729.0993538,6.694569494
730.7653473,6.677640337
731.5057889,6.711599175
732.9866721,6.703150589
733.7271136,6.728624287
735.7633279,6.732917119
737.4293215,6.745685953
738.1697631,6.779644791
740.2059774,6.813635614
742.4273021,6.830660725
744.0932956,6.813731568
744.8337372,6.847690406
746.3146204,6.83924182
747.0550619,6.864715518
749.0912763,6.898706341
750.7572698,6.881777184
751.4977114,6.915736022
752.9785945,6.898802295
753.7190361,6.932761133
755.1999192,6.924312547
755.9403608,6.952614625
757.4212439,6.949822799
758.1616855,6.983781637
759.6425687,6.966847911
760.3830102,7.000806749
762.4192246,7.005099581
764.0852181,7.017868415
764.8256597,7.051827253
766.3065428,7.043378667
767.0469844,7.068852364
768.5278675,7.068888919
769.2683091,7.102847756
770.7491922,7.08591403
771.4896338,7.119872868
773.5258481,7.153863691
775.1918417,7.145419674
775.9322833,7.170893372
777.9684976,7.175186204
779.6344911,7.187955038
780.3749327,7.221913876
781.8558158,7.204980149
782.5962574,7.238938987
784.0771405,7.238975542
784.8175821,7.272934379
786.2984653,7.256000653
787.0389068,7.289959491
789.0751212,7.285767183
789.2602316,7.323954883
790.7411147,7.307021157
791.4815563,7.340979995
793.5177706,7.374970818
795.1837641,7.358041661
795.9242057,7.392000499
797.96042,7.425991322
799.6264136,7.409062165
800.3668551,7.443021003
802.4030695,7.477011825
804.069063,7.460082668
804.8095046,7.494041506
806.8457189,7.528032329
808.5117124,7.511103172
809.252154,7.54506201
810.7330372,7.545098564
811.4734787,7.579057402
812.9543619,7.562123676
813.6948034,7.596082514
815.1756866,7.596119068
815.9161282,7.630077906
817.3970113,7.61314418
818.1374529,7.647103018
819.618336,7.647139572
820.3587776,7.68109841
822.3949919,7.676906102
822.5801023,7.715093802
824.0609855,7.698160076
824.801427,7.732118914
826.2823102,7.732155468
827.0227518,7.766114306
828.5036349,7.740695439
829.0589661,7.761921998
829.2440765,7.800109698
830.7249596,7.783175972
831.4654012,7.817134809
832.9462843,7.817171364
833.6867259,7.851130202
835.167609,7.825711335
835.7229402,7.885121024
837.9442649,7.902146136
839.0549273,7.936114113
840.3507001,7.905033917
841.276252,7.953139224
842.3869144,7.923468649
843.4975767,7.987134616
845.1635703,7.961720319
845.7189015,8.021130008
847.384895,8.004200851
848.1253366,8.038159689
849.6062197,8.021225963
850.3466613,8.055184801
851.8275444,8.055221355
852.567986,8.089180193
854.0488691,8.089216747
854.7893107,8.123175585
856.2701939,8.097756719
856.825525,8.118983277
857.0106354,8.157170977
858.4915186,8.140237251
859.2319602,8.174196089
860.7128433,8.174232643
861.4532849,8.208191481
862.934168,8.208228035
863.6746096,8.242186873
865.1554927,8.242223427
865.8959343,8.276182265
867.3768174,8.250763399
867.9321486,8.271989957
868.117259,8.310177657
869.5981422,8.284758791
870.1534733,8.34416848
872.3747981,8.331495601
873.4854604,8.395161568
874.5961228,8.369733563
875.7067851,8.41218668
876.2621163,8.386744967
876.8174475,8.446154657
877.9281099,8.420726652
879.2238826,8.463184338
880.7047658,8.463220892
881.4452073,8.49717973
882.9260905,8.471760863
883.4814216,8.492987422
883.666532,8.531175122
885.1474152,8.505756255
885.7027464,8.526982814
885.8878568,8.565170514
887.3687399,8.539751647
887.9240711,8.560978206
888.1091815,8.599165906
889.5900646,8.57374704
890.1453958,8.594973598
890.3305062,8.633161298
891.8113893,8.607742432
892.3667205,8.667152121
894.0327141,8.641737824
894.5880452,8.662964382
894.7731556,8.701152082
896.2540388,8.675733216
896.80937,8.696959774
896.9944803,8.735147474
898.4753635,8.709728608
899.0306947,8.730955166
899.2158051,8.769142866
900.6966882,8.743724
901.2520194,8.764950558
901.4371298,8.803138259
902.9180129,8.777719392
903.4733441,8.79894595
903.6584545,8.837133651
905.1393376,8.811714784
905.6946688,8.832941343
905.8797792,8.871129043
907.3606624,8.845710176
907.9159935,8.866936735
908.1011039,8.905124435
909.5819871,8.879705568
910.1373183,8.900932127
910.3224286,8.939119827
911.8033118,8.913700961
912.358643,8.934927519
912.5437534,8.973115219
914.0246365,8.973151773
914.7650781,9.007110611
916.2459612,9.007147165
916.9864028,9.041106003
919.0226171,9.045398835
920.3183899,9.109069372
921.2439418,9.075151657
922.3546042,9.104877064
922.5397146,9.143064764
924.0205977,9.117645897
924.5759289,9.138872456
924.7610393,9.177060156
926.2419225,9.15164129
926.7972536,9.172867848
926.982364,9.211055548
928.4632472,9.202606962
929.0185784,9.22383352
929.2036887,9.262021221
931.2399031,9.279041763
932.5356758,9.313014309
933.4612278,9.279096594
934.5718901,9.308822001
934.7570005,9.347009701
936.2378837,9.321590834
936.7932149,9.342817393
936.9783253,9.381005093
938.4592084,9.372556507
939.0145396,9.393783065
939.19965,9.431970765
940.6805331,9.406551899
941.2358643,9.427778457
941.4209747,9.465966158
942.9018578,9.440547291
943.6422994,9.49996155
945.1231826,9.491512964
945.6785137,9.512739522
945.8636241,9.550927222
947.3445073,9.525508356
947.8998384,9.546734914
948.0849488,9.584922614
949.565832,9.551018608
950.1211632,9.610428297
950.3062736,9.652858567
951.2318255,9.695307115
951.7871567,9.585014
952.3424879,9.652908829
954.5638126,9.63599338
956.7851373,9.610592791
959.006462,9.636103043
961.2277868,9.636157874
963.4491115,9.602272144
963.6342219,9.636217274
965.115105,9.568372707
965.6704362,9.593841835
965.8555466,9.704153227
967.3364297,9.593882959
967.8917609,9.644807508
970.1130856,9.636377199
972.3344103,9.63643203
974.5557351,9.636486862
976.7770598,9.636541693
978.9983845,9.611141103
981.2197092,9.636651355
983.4410339,9.602765626
985.6623586,9.636761018
987.8836834,9.636815849
990.1050081,9.62838554
992.3263328,9.619955231
994.5476575,9.620010063
996.7689822,9.620064894
998.9903069,9.594664305
1001.211632,9.594719136
1003.432956,9.594773967
1005.654281,9.594828798
1007.875606,9.59488363
1010.096931,9.594938461
1012.318255,9.620448713
1014.53958,9.620503544
1016.760905,9.595102955
1018.982229,9.595157786
1020.648223,9.59519891
1021.203554,9.612182898
1023.424879,9.603752589
1025.646204,9.60380742
1026.756866,9.578379415
1027.867528,9.603862251
1028.978191,9.578434246
1030.088853,9.603917083
1031.199515,9.578489078
1032.310178,9.603971914
1033.42084,9.578543909
1034.531502,9.604026745
1035.642165,9.57435617
1036.752827,9.604081576
1037.863489,9.570168431
1038.974152,9.604136408
1040.084814,9.570223263
1041.195477,9.604191239
1042.491249,9.573111043
1044.527464,9.561847785
1046.748788,9.587358037
1048.970113,9.587412868
1051.191438,9.562012279
1053.412763,9.587522531
1055.634087,9.587577362
1057.855412,9.587632193
1060.076737,9.553746464
1062.298061,9.553801295
1064.519386,9.579311547
1066.740711,9.570881238
1068.962036,9.570936069
1071.18336,9.54553548
1073.404685,9.571045732
1075.62601,9.571100563
1077.847334,9.571155394
1080.068659,9.571210226
1082.289984,9.554294776
1084.511309,9.554349608
1086.732633,9.554404439
1088.953958,9.55445927
1091.175283,9.554514102
1093.396607,9.554568933
1095.617932,9.554623764
1097.839257,9.554678595
1100.060582,9.537763146
1101.171244,9.512335141
1102.281906,9.537817978
1103.392569,9.512389973
1104.503231,9.537872809
1105.613893,9.512444804
1106.724556,9.53792764
1107.835218,9.504014495
1108.94588,9.537982471
1110.056543,9.504069326
1111.167205,9.538037303
1112.462978,9.506957107
1114.499192,9.521149269
1116.720517,9.5212041
1118.941842,9.521258932
1121.163166,9.495858342
1123.384491,9.521368594
1125.605816,9.521423426
1127.827141,9.504507976
1130.048465,9.504562808
1132.26979,9.479162218
1134.491115,9.50467247
1136.712439,9.504727302
1138.933764,9.496296993
1141.155089,9.487866684
1143.376414,9.487921515
1145.597738,9.487976346
1147.819063,9.488031178
1150.040388,9.488086009
1151.706381,9.462671712
1152.261712,9.4796557
1154.483037,9.471225391
1156.704362,9.471280222
1158.925687,9.445879633
1161.147011,9.471389885
1163.368336,9.433261585
1165.589661,9.429073846
1167.810985,9.429128678
1170.03231,9.454638929
1172.253635,9.454693761
1174.47496,9.454748592
1176.140953,9.429334295
1176.696284,9.446318283
1178.917609,9.437887974
1181.138934,9.437942805
1183.360258,9.412542216
1185.581583,9.399869337
1187.802908,9.395681598
1190.024233,9.42119185
1192.245557,9.395791261
1194.466882,9.395846092
1196.688207,9.421356344
1198.3542,9.395942047