0,0.07964543576,1.849722695
0.5,0.07971350682,1.850858276
1,0.07985093858,1.853140201
1.5,0.08006034742,1.856576513
2,0.08034554458,1.861154182
2.5,0.08071102015,1.86687008
3,0.08116300811,1.873716384
3.5,0.08170882408,1.881706155
4,0.08235600991,1.890843874
4.5,0.0831120108,1.901130538
5,0.08398383405,1.912571714
5.5,0.08497957701,1.92517406
6,0.08610642721,1.938926745
6.5,0.08737088466,1.953820329
7,0.08877857517,1.969865511
7.5,0.09033395364,1.987066723
8,0.09204033218,2.005429834
8.5,0.093899725,2.024969624
9,0.09591287988,2.045676506
9.5,0.09807931058,2.067545758
10,0.1003972713,2.090592705
10.5,0.1028637909,2.114816035
11,0.1054747072,2.140244046
11.5,0.1082246943,2.166868468
12,0.1111074725,2.194692794
12.5,0.1141159643,2.223716318
13,0.1172424482,2.253964352
13.5,0.1204787394,2.28543246
14,0.1238163379,2.318141932
14.5,0.12724651,2.352093446
15,0.1307605663,2.387309493
15.5,0.1343500558,2.423801757
16,0.1380069205,2.461577796
16.5,0.1417236294,2.500663038
17,0.1454931708,2.541063475
17.5,0.1493090402,2.582791924
18,0.1531652541,2.625863973
18.5,0.1570564071,2.670307391
19,0.1609778598,2.716133586
19.5,0.1649258985,2.763354493
20,0.168896695,2.811987189
20.5,0.1728874644,2.862056364
21,0.1768959038,2.913587717
21.5,0.180920175,2.966595856
22,0.1849592699,3.021099568
22.5,0.1890118082,3.077115481
23,0.1930770389,3.134677887
23.5,0.1971542332,3.193799446
24,0.2012432732,3.25450544
24.5,0.2053439935,3.316816539
25,0.2094559924,3.380762078
25.5,0.2135786923,3.446367419
26,0.2177115776,3.513662726
26.5,0.2218542697,3.582654356
27,0.2260060518,3.653384167
27.5,0.2301655679,3.725849604
28,0.2343314245,3.800087558
28.5,0.2385019009,3.876114859
29,0.2426749263,3.953962998
29.5,0.2468480712,4.033663361
30,0.2510185455,4.115207773
30.5,0.255184569,4.19863734
31,0.2593437386,4.28398677
31.5,0.2634917885,4.371267739
32,0.2676243348,4.460492986
32.5,0.2717368466,4.551670914
33,0.2758246356,4.644837773
33.5,0.279882851,4.740017065
34,0.28390629,4.837220514
34.5,0.2878900107,4.936452607
35,0.2918289824,5.037732378
35.5,0.2957177698,5.141100084
36,0.2995508367,5.246558423
36.5,0.303322894,5.354115896
37,0.3070289715,5.463778703
37.5,0.3106642774,5.57555934
38,0.314223778,5.689487456
38.5,0.3177029589,5.805557088
39,0.3210975225,5.923797686
39.5,0.3244043673,6.044219408
40,0.3276203911,6.166817025
40.5,0.3307429963,6.291598027
41,0.3337701405,6.418577636
41.5,0.3367001724,6.547762119
42,0.3395328924,6.679138762
42.5,0.3422684072,6.812720985
43,0.3449074722,6.94852611
43.5,0.3474515842,7.086564751
44,0.3499030176,7.226827407
44.5,0.352264812,7.369307259
45,0.3545407714,7.514010439
45.5,0.3567354186,7.660957032
46,0.3588539652,7.810138006
46.5,0.3609023042,7.961538313
47,0.3628870107,8.115183278
47.5,0.364815303,8.271059326
48,0.3666949983,8.429149382
48.5,0.3685344479,8.589461783
49,0.3703424817,8.752006971
49.5,0.3721283444,8.916772539
50,0.3739016446,9.083741727
50.5,0.3756723325,9.252940709
51,0.3774505236,9.424340262
51.5,0.379246396,9.597925871
52,0.3810701311,9.773708875
52.5,0.3829318499,9.951689135
53,0.3848415985,10.13183546
53.5,0.3868092798,10.31416622
54,0.3888445428,10.49867039
54.5,0.3909567806,10.68531969
55,0.3931548772,10.8741061
55.5,0.3954471902,11.06504296
56,0.3978417478,11.25810843
56.5,0.4003457745,11.45329102
57,0.4029659356,11.65056367
57.5,0.4057082285,11.84993956
58,0.4085779027,12.05140358
58.5,0.4115794996,12.2549454
59,0.4147169022,12.46053825
59.5,0.417993433,12.66816537
60,0.4214116897,12.87782004
60.5,0.4249738215,13.08951492
61,0.4286815027,13.30322013
61.5,0.4325358661,13.51891703
62,0.436537523,13.7365923
62.5,0.4406867086,13.95623595
63,0.4449837207,14.17784086
63.5,0.4494279054,14.40137449
64,0.4540182183,14.62682593
64.5,0.4587538087,14.85420602
65,0.463634072,15.08349344
65.5,0.4686585546,15.31465
66,0.4738255987,15.54768351
66.5,0.4791341391,15.78259562
67,0.4845832364,16.01937149
67.5,0.4901720906,16.25797977
68,0.4958999863,16.49841078
68.5,0.5017661683,16.74067579
69,0.5077699531,16.98476606
69.5,0.513910739,17.23067257
70,0.5201879992,17.47837979
70.5,0.5266012837,17.72787962
71,0.5331502064,17.97916712
71.5,0.5398344272,18.23224315
72,0.5466536368,18.48708949
72.5,0.5536075362,18.74372974
73,0.560695825,19.0021463
73.5,0.567918192,19.26232415
74,0.5752742781,19.52428251
74.5,0.5827636751,19.78803365
75,0.5903859812,20.05357322
75.5,0.5981406591,20.32087573
76,0.6060270129,20.58997
76.5,0.6140441969,20.86087004
77,0.6221912263,21.13357365
77.5,0.6304670851,21.40807872
78,0.638870781,21.68438721
78.5,0.6474013342,21.96252334
79,0.6560577449,22.24250555
79.5,0.664838829,22.52434003
80,0.6737432878,22.80800401
80.5,0.6827697583,23.09353536
81,0.6919168311,23.38095012
81.5,0.7011831129,23.67026128
82,0.7105671543,23.96147857
82.5,0.7200673685,24.25461383
83,0.7296820466,24.54967538
83.5,0.7394093928,24.84666159
84,0.7492476395,25.14559472
84.5,0.7591949309,25.44649927
85,0.7692492831,25.74939467
85.5,0.7794085828,26.05427752
86,0.789670558,26.36115321
86.5,0.8000327444,26.67005085
87,0.810492465,26.98098238
87.5,0.8210468055,27.29394953
88,0.8316925902,27.60894731
88.5,0.8424263609,27.92600278
89,0.8532443602,28.24512922
89.5,0.8641425156,28.56633219
90,0.8751164309,28.88960932
90.5,0.886161368,29.21496457
91,0.8972722405,29.54240115
91.5,0.9084436156,29.87191211
92,0.9196697327,30.20353068
92.5,0.9309445316,30.5372279
93,0.9422616631,30.87300923
93.5,0.9536145137,31.21089055
94,0.964996239,31.55085005
94.5,0.9763998127,31.89287072
95,0.9878180507,32.23697832
95.5,0.9992436457,32.58314753
96,1.010669217,32.93136102
96.5,1.022087362,33.2816096
97,1.033490689,33.63389937
97.5,1.044871868,33.98820088
98,1.056223677,34.3444795
98.5,1.067539037,34.70274585
99,1.078811034,35.06298902
99.5,1.090032937,35.42517431
100,1.101198232,35.78926155
100.5,1.112300639,36.15526794
101,1.123334118,36.52315317
101.5,1.134292873,36.89288387
102,1.145171253,37.2644177
102.5,1.155963848,37.6377337
103,1.166665513,38.01283566
103.5,1.177271325,38.38966964
104,1.187776485,38.7681984
104.5,1.198176309,39.1483796
105,1.208466206,39.53019966
105.5,1.218641651,39.91361267
106,1.228698192,40.29857424
106.5,1.238631423,40.68505376
107,1.248436945,41.07300791
107.5,1.258110318,41.46240469
108,1.267647058,41.85319628
108.5,1.277042636,42.24535688
109,1.28629249,42.63883831
109.5,1.295392044,43.03359903
110,1.304336723,43.42958501
110.5,1.31312196,43.82675235
111,1.321743231,44.22506054
111.5,1.330196097,44.62448026
112,1.338476242,45.02495944
112.5,1.346579525,45.42645324
113,1.35450202,45.82889235
113.5,1.362240088,46.23225036
114,1.369790498,46.63647669
114.5,1.377150456,47.04153915
115,1.38431757,47.44740025
115.5,1.39128995,47.85396679
116,1.398066279,48.26122535
116.5,1.404645698,48.6691484
117,1.411028255,49.0776824
117.5,1.41721464,49.48677352
118,1.423206256,49.89638423
118.5,1.429005195,50.30647621
119,1.434614231,50.71701129
119.5,1.440036794,51.12794515
120,1.445276952,51.53920202
120.5,1.450339631,51.95077457
121,1.455230291,52.36263489
121.5,1.459954932,52.7747323
122,1.464520057,53.18701706
122.5,1.468932603,53.59944617
123,1.473199884,54.01200564
123.5,1.477329526,54.42465886
124,1.481329347,54.83736899
124.5,1.48520746,55.25007839
125,1.488972162,55.66275964
125.5,1.49263166,56.07539855
126,1.496194113,56.48795513
126.5,1.499667545,56.90039753
127,1.503059979,57.31269019
127.5,1.506379267,57.72481727
128,1.509633039,58.13674635
128.5,1.512828676,58.54842912
129,1.515973283,58.95984147
129.5,1.519073676,59.37097465
130,1.522136367,59.78180133
130.5,1.525167556,60.1922976
131,1.528173119,60.60244203
131.5,1.531158607,61.01217827
132,1.534129248,61.42149847
132.5,1.537089952,61.83039972
133,1.54004532,62.23886206
133.5,1.542999647,62.64682997
134,1.545956932,63.05429509
134.5,1.548920898,63.46124285
135,1.551894982,63.86765296
135.5,1.554882328,64.27349501
136,1.557885792,64.67875395
136.5,1.56090795,65.08341855
137,1.563951105,65.48746883
137.5,1.56701729,65.89086613
138,1.570108269,66.29360371
138.5,1.573225532,66.6956653
139,1.576370294,67.09703907
139.5,1.579543496,67.49772297
140,1.582745816,67.89767804
140.5,1.585977706,68.2968832
141,1.589239383,68.69532561
141.5,1.592530825,69.09301047
142,1.595851798,69.48990993
142.5,1.599201874,69.8859973
143,1.602580447,70.28126278
143.5,1.605986756,70.67570774
144,1.609419901,71.06929819
144.5,1.61287887,71.46202609
145,1.616362583,71.8538851
145.5,1.619869913,72.24486178
146,1.623399691,72.63494228
146.5,1.626950736,73.02410332
147,1.630521885,73.4123388
147.5,1.634112012,73.79962072
148,1.637720052,74.18598382
148.5,1.641345016,74.57138177
149,1.644986007,74.95582352
149.5,1.648642236,75.33929365
150,1.652313029,75.7217707
150.5,1.655997831,76.10326429
151,1.659696225,76.48375654
151.5,1.663407929,76.86323003
152,1.667132788,77.24169006
152.5,1.670870763,77.61914083
153,1.674621913,77.99557855
153.5,1.678386412,78.3709684
154,1.682164535,78.74531562
154.5,1.685956652,79.11863145
155,1.689763202,79.49091827
155.5,1.693584698,79.86214168
156,1.697421723,80.23229606
156.5,1.701274908,80.60139684
157,1.705145031,80.96944617
157.5,1.709032675,81.33642783
158,1.712938487,81.70234795
158.5,1.716863104,82.06719458
159,1.720807138,82.43099294
159.5,1.724771165,82.79370641
160,1.72875573,83.15532222
160.5,1.732761334,83.51587386
161,1.736788417,83.87536819
161.5,1.74083758,84.23377592
162,1.744908959,84.59111663
162.5,1.749002775,84.94738602
163,1.753119192,85.30259699
163.5,1.757258394,85.65672506
164,1.761420499,86.00978153
164.5,1.76560533,86.36176451
165,1.769812745,86.7126796
165.5,1.774042557,87.06252703
166,1.778294674,87.41131099
166.5,1.78256866,87.75903463
167,1.786864125,88.10570769
167.5,1.791180653,88.45130749
168,1.79551781,88.79585547
168.5,1.799875139,89.13935543
169,1.804252172,89.48180634
169.5,1.808648452,89.82320008
170,1.813063539,90.16355337
170.5,1.817497031,90.50289897
171,1.821948576,90.84119556
171.5,1.82641788,91.17847268
172,1.83090473,91.5147418
172.5,1.835408996,91.84999333
173,1.839930648,92.18422705
173.5,1.844469764,92.51746451
174,1.849026536,92.84968425
174.5,1.853601277,93.18090802
175,1.858194425,93.5111609
175.5,1.862806541,93.84044364
176,1.867438314,94.16874283
176.5,1.872090551,94.49608047
177,1.876764178,94.82246884
177.5,1.881460237,95.14794495
178,1.886179874,95.47247824
178.5,1.890924335,95.7960835
179,1.895694948,96.11876496
179.5,1.900493109,96.44056167
180,1.90532027,96.76147253
180.5,1.91017793,97.08149635
181,1.915067618,97.40062417
181.5,1.919990874,97.71890871
182,1.924949234,98.0363536
182.5,1.929944216,98.35296064
183,1.934977305,98.66873857
183.5,1.940049937,98.98370945
184,1.945163489,99.29789202
184.5,1.950319267,99.61129901
185,1.955518497,99.92392117
185.5,1.960762318,100.235784
186,1.966051774,100.5469279
186.5,1.971387797,100.8573406
187,1.976771192,101.1670243
187.5,1.982202618,101.4760001
188,1.987682574,101.7843142
188.5,1.993211392,102.0919789
189,1.998789244,102.3989724
189.5,2.004416126,102.7053096
190,2.010091836,103.0110154
190.5,2.015815971,103.31612
191,2.02158792,103.6206275
191.5,2.027406854,103.9245555
192,2.033271723,104.2279131
192.5,2.039181253,104.5307305
193,2.045133946,104.8330105
193.5,2.051128074,105.1347699
194,2.057161705,105.4360342
194.5,2.063232711,105.7367943
195,2.069338793,106.0370476
195.5,2.075477527,106.3368282
196,2.081646316,106.6361801
196.5,2.08784241,106.9350861
197,2.094062995,107.2335342
197.5,2.100305224,107.5315763
198,2.106566261,107.8292144
198.5,2.11284333,108.1264619
199,2.119133758,108.4233084
199.5,2.125434893,108.7197586
200,2.131744213,109.0158375
200.5,2.138059434,109.3115861
201,2.144378515,109.606979
201.5,2.150699832,109.9020078
202,2.157021746,110.1967043
202.5,2.163342984,110.4910584
203,2.169662617,110.7850775
203.5,2.175980149,111.0787837
204,2.182295383,111.3721995
204.5,2.188608198,111.6653069
205,2.19491891,111.958098
205.5,2.201228119,112.2505716
206,2.207536909,112.5427496
206.5,2.213846164,112.8346326
207,2.220157072,113.1261981
207.5,2.226471017,113.4174478
208,2.232789529,113.7083969
208.5,2.239114244,113.999072
209,2.245446818,114.2894296
209.5,2.251788886,114.5794605
210,2.258142027,114.8691723
210.5,2.264507722,115.1585755
211,2.270887367,115.4476571
211.5,2.277282248,115.7364202
212,2.283693511,116.0248688
212.5,2.290122158,116.3129646
213,2.296569032,116.600719
213.5,2.30303482,116.8881418
214,2.309520075,117.1751859
214.5,2.316025256,117.4618595
215,2.322550732,117.7481797
215.5,2.32909651,118.03411
216,2.335662641,118.3196553
216.5,2.342249105,118.6047926
217,2.348856032,118.8895353
217.5,2.355483184,119.1738639
218,2.362130507,119.4577822
218.5,2.368797942,119.7412783
219,2.375485572,120.0243258
219.5,2.38219352,120.3069185
220,2.388921789,120.5890723
220.5,2.395670515,120.8707821
221,2.402439937,121.1519857
221.5,2.409230407,121.4327197
222,2.416042222,121.7129952
222.5,2.422876175,121.9928068
223,2.429732963,122.2721203
223.5,2.436613378,122.5509134
224,2.443518263,122.8292184
224.5,2.450448614,123.10704
225,2.457405749,123.3843671
225.5,2.464390983,123.66118
226,2.471405655,123.9374921
226.5,2.478451033,124.2133206
227,2.485528823,124.4886573
227.5,2.492640692,124.7634761
228,2.49978852,125.0378008
228.5,2.506974165,125.311662
229,2.514199375,125.5850272
229.5,2.521466052,125.8579056
230,2.528776189,126.1303019
230.5,2.536131907,126.4022368
231,2.543535015,126.6737256
231.5,2.55098742,126.9447795
232,2.558491018,127.2154014
232.5,2.566047811,127.4855859
233,2.573659527,127.7553712
233.5,2.581327771,128.0247761
234,2.58905401,128.293795
234.5,2.596839565,128.5624433
235,2.604685587,128.8307351
235.5,2.612593043,129.098672
236,2.620562702,129.3663058
236.5,2.628595183,129.6336251
237,2.636690798,129.9006381
237.5,2.644849502,130.1673704
238,2.65307105,130.4338462
238.5,2.661354969,130.7000812
239,2.669700656,130.9660691
239.5,2.678107176,131.2318231
240,2.686573215,131.4973731
240.5,2.695097336,131.7627651
241,2.703677941,132.0279837
241.5,2.712313403,132.2930179
242,2.721001689,132.5579237
242.5,2.729740679,132.8226969
243,2.73852813,133.0873654
243.5,2.747361717,133.3519099
244,2.756239078,133.6163664
244.5,2.765157894,133.8807235
245,2.774115922,134.1450103
245.5,2.783110752,134.409247
246,2.792140039,134.6734198
246.5,2.801201506,134.9375439
247,2.810292989,135.2016039
247.5,2.819412471,135.465644
248,2.828558102,135.729645
248.5,2.837728203,135.9936064
249,2.846921287,136.2575417
249.5,2.856136076,136.5214401
250,2.865371543,136.785322
250.5,2.874626716,137.0491756
251,2.883900715,137.3129881
251.5,2.893193697,137.5767765
252,2.902505231,137.8405518
252.5,2.911835289,138.1043119
253,2.92118416,138.3680356
253.5,2.930552585,138.6317107
254,2.939941492,138.8953566
254.5,2.949351613,139.1589851
255,2.958784053,139.422578
255.5,2.96824013,139.6861182
256,2.977721354,139.9495996
256.5,2.987229231,140.2130403
257,2.996765427,140.4764315
257.5,3.00633169,140.7397661
258,3.015929896,141.0030484
258.5,3.025561827,141.2662732
259,3.035229213,141.5294486
259.5,3.044933772,141.7925677
260,3.054677262,142.0555934
260.5,3.064461365,142.3185776
261,3.074287613,142.5815206
261.5,3.084157422,142.8444027
262,3.094071992,143.1072339
262.5,3.104032649,143.3700137
263,3.114040145,143.6327597
263.5,3.124095377,143.8954665
264,3.134199264,144.1581456
264.5,3.144352364,144.4208058
265,3.154555243,144.6834455
265.5,3.164808088,144.9460689
266,3.17511102,145.2086843
266.5,3.185463905,145.4713203
267,3.195866865,145.7339767
267.5,3.206319694,145.9966763
268,3.216822055,146.259417
268.5,3.227373524,146.5222188
269,3.23797363,146.7851
269.5,3.248621925,147.0480594
270,3.259317997,147.3111059
270.5,3.270061381,147.5742702
271,3.28085159,147.8375749
271.5,3.291688208,148.1010144
272,3.302570879,148.3646007
272.5,3.313499434,148.6283489
273,3.324473685,148.8922749
273.5,3.335493506,149.1564046
274,3.346558885,149.4207607
274.5,3.357669886,149.6853319
275,3.368826617,149.9501378
275.5,3.380029243,150.2151879
276,3.39127828,150.4805155
276.5,3.402574209,150.7461064
277,3.413918081,151.0119608
277.5,3.425310167,151.2780975
278,3.436751191,151.5445428
278.5,3.448241702,151.8112911
279,3.459781994,152.0783403
279.5,3.471372736,152.3456881
280,3.483014567,152.6133577
280.5,3.494708037,152.8813625
281,3.506453454,153.1496786
281.5,3.518251068,153.4182883
282,3.530100625,153.6872328
282.5,3.54200173,153.9564728
283,3.553953746,154.2260234
283.5,3.565955887,154.495855
284,3.578006818,154.7659762
284.5,3.590104761,155.0363674
285,3.60224755,155.307036
285.5,3.614432539,155.5779666
286,3.62665655,155.8491289
286.5,3.638915907,156.1204987
287,3.651206364,156.3920733
287.5,3.663522963,156.6638417
288,3.675860051,156.9357858
288.5,3.688211149,157.2078989
289,3.700569165,157.4801533
289.5,3.712926389,157.7525162
290,3.725274175,158.0249614
290.5,3.737603018,158.2974612
291,3.749902544,158.5699854
291.5,3.76216186,158.8425295
292,3.774369091,159.1150664
292.5,3.786511533,159.3875578
293,3.798575597,159.6599969
293.5,3.810547215,159.9323452
294,3.822411674,160.2045829
294.5,3.834153679,160.4766824
295,3.845757445,160.7486055
295.5,3.857206817,161.0203221
296,3.868485382,161.2918051
296.5,3.879576603,161.5630278
297,3.890463918,161.8339689
297.5,3.901130963,162.1046002
298,3.911561832,162.3748839
298.5,3.92174124,162.6448086
299,3.931654535,162.9143377
299.5,3.941287731,163.1834688
300,3.950627972,163.4521504
300.5,3.959663732,163.7203708
301,3.968384672,163.9881064
301.5,3.976781878,164.2553197
302,3.984847882,164.5219913
302.5,3.992577161,164.7881003
303,3.999965881,165.0536325
303.5,4.00701205,165.3185558
304,4.013715535,165.5828556
304.5,4.020078062,165.8465123
305,4.026103109,166.1095
305.5,4.031795871,166.3717964
306,4.037163408,166.6333821
306.5,4.04221438,166.8942455
307,4.046958971,167.1543621
307.5,4.051408711,167.4137133
308,4.055576337,167.6722829
308.5,4.059475637,167.9300464
309,4.063121293,168.1869903
309.5,4.066528682,168.443115
310,4.069713678,168.6984057
310.5,4.072692458,168.9528387
311,4.07548146,169.2063932
311.5,4.078097128,169.4590668
312,4.080555024,169.7108407
312.5,4.082871387,169.9617057
313,4.085061523,170.2116481
313.5,4.087139969,170.4606446
314,4.089120386,170.7087004
314.5,4.091015728,170.9558033
315,4.092838401,171.2019428
315.5,4.094599557,171.4471122
316,4.096309358,171.6912877
316.5,4.097977012,171.934457
317,4.099611087,172.1766172
317.5,4.101218915,172.4177781
318,4.10280687,172.6579033
318.5,4.104380406,172.8970063
319,4.105944277,173.135082
319.5,4.10750248,173.3721283
320,4.109058242,173.6081382
320.5,4.110614204,173.8430996
321,4.112172538,174.0770097
321.5,4.113735114,174.3098715
322,4.115303105,174.5416983
322.5,4.116877394,174.7724691
323,4.118458652,175.0022048
323.5,4.120047571,175.2308957
324,4.121644285,175.4585357
324.5,4.123248666,175.6851293
325,4.124860862,175.9106946
325.5,4.126481014,176.1352397
326,4.128109263,176.3587723
326.5,4.129745659,176.5812891
327,4.131390241,176.8028026
327.5,4.13304313,177.0233246
328,4.134704506,177.2428573
328.5,4.136374556,177.4614131
329,4.138053492,177.678995
329.5,4.139741549,177.8956379
330,4.141438982,178.111348
330.5,4.143146055,178.3261404
331,4.144863141,178.5400187
331.5,4.146590642,178.7530046
332,4.148328875,178.9651046
332.5,4.150078113,179.1763237
333,4.151838526,179.3867066
333.5,4.153610407,179.596261
334,4.155394045,179.8049759
334.5,4.157189664,180.0128905
335,4.158997455,180.2200434
335.5,4.160817568,180.4264169
336,4.162650131,180.6320235
336.5,4.164495188,180.8368807
337,4.166352693,181.0410266
337.5,4.168222241,181.24446
338,4.170104149,181.4471796
338.5,4.171998444,181.6491997
339,4.173905166,181.8505334
339.5,4.175824299,182.0511984
340,4.177755313,182.2511996
340.5,4.179697773,182.450538
341,4.181651408,182.6492279
341.5,4.183615902,182.8472965
342,4.1855908,183.0447297
342.5,4.187575884,183.2415246
343,4.189570737,183.4376943
343.5,4.191574861,183.6332536
344,4.19358759,183.8281947
344.5,4.195608447,184.0225015
345,4.197636925,184.2161648
345.5,4.199672406,184.4091908
346,4.201714234,184.6015891
346.5,4.203761706,184.7933527
347,4.205814087,184.9844646
347.5,4.207870645,185.1749193
348,4.209930649,185.3647299
348.5,4.211993391,185.553874
349,4.21405818,185.7423261
349.5,4.21612431,185.9301003
350,4.218191076,186.1171884
350.5,4.220257772,186.3035799
351,4.222323715,186.4892616
351.5,4.224388267,186.6742184
352,4.226450859,186.8584392
352.5,4.228511006,187.041919
353,4.230568303,187.2246803
353.5,4.232622401,187.4066701
354,4.234673026,187.5878959
354.5,4.23672004,187.7683581
355,4.23876344,187.9480542
355.5,4.240803058,188.1269545
356,4.242838919,188.3050596
356.5,4.244871148,188.4823706
357,4.246899962,188.6588921
357.5,4.248925653,188.8346326
358,4.250948612,189.0095754
358.5,4.252969218,189.1837223
359,4.254987828,189.3570801
359.5,4.257004797,189.5296609
360,4.259020525,189.7014667
360.5,4.261035438,189.8724909
361,4.263049879,190.0427401
361.5,4.265064136,190.2122274
362,4.267078413,190.3809737
362.5,4.269092845,190.5489564
363,4.271107476,190.7162059
363.5,4.27312239,190.8827363
364,4.27513729,191.0485734
364.5,4.277151757,191.2137122
365,4.279165287,191.3781907
365.5,4.281177304,191.5420177
366,4.283187158,191.7051844
366.5,4.285194132,191.8677212
367,4.287197383,192.0296495
367.5,4.289195959,192.1910087
368,4.291188857,192.3517884
368.5,4.293175056,192.5120071
369,4.295153547,192.6716916
369.5,4.297123357,192.830864
370,4.299083575,192.9895348
370.5,4.301033385,193.1477185
371,4.302972123,193.305428
371.5,4.304899315,193.4626842
372,4.306814682,193.6194843
372.5,4.308718134,193.7758395
373,4.310609733,193.931761
373.5,4.312490011,194.0872592
374,4.314359787,194.2423563
374.5,4.316220112,194.3970513
375,4.318072319,194.5513351
375.5,4.31991805,194.7052199
376,4.321759268,194.8587151
376.5,4.323598162,195.0118208
377,4.325437112,195.1645143
377.5,4.327278625,195.3168197
378,4.329125665,195.4687215
378.5,4.330981304,195.6202196
379,4.33284868,195.7712928
379.5,4.334730991,195.9219086
380,4.336631473,196.0720722
380.5,4.338553366,196.2217945
381,4.340499775,196.3710326
381.5,4.342473624,196.5197758
382,4.344477537,196.6680219
382.5,4.346514213,196.8157259
383,4.348586023,196.9628865
383.5,4.350695207,197.1094838
384,4.352843388,197.2555057
384.5,4.355031852,197.4009146
385,4.357261529,197.5457052
385.5,4.359532943,197.6898554
386,4.361846211,197.833341
386.5,4.364201054,197.9761403
387,4.36659676,198.1182152
387.5,4.369032184,198.2595565
388,4.371505764,198.4001427
388.5,4.374015527,198.5399626
389,4.376559149,198.6789687
389.5,4.379133986,198.817159
390,4.381737112,198.9545165
390.5,4.384365361,199.091029
391,4.387015365,199.2266716
391.5,4.389683569,199.3614324
392,4.392366273,199.4953043
392.5,4.395059684,199.6282744
393,4.397759966,199.7603289
393.5,4.400463299,199.8914531
394,4.403165881,200.0216345
394.5,4.405864062,200.1508676
395,4.408554336,200.2791573
395.5,4.411233123,200.4064899
396,4.413897143,200.5328734
396.5,4.416543317,200.6583045
397,4.419168793,200.7827742
397.5,4.421770966,200.9063126
398,4.424347452,201.0288924
398.5,4.426896136,201.1505141
399,4.429415216,201.2711829
399.5,4.431903207,201.3909072
400,4.434358937,201.5096929
400.5,4.436781442,201.6275449
401,4.439170008,201.7444709
401.5,4.44152417,201.8604829
402,4.44384372,201.9755986
402.5,4.446128709,202.0898045
403,4.448379452,202.2031278
403.5,4.450596679,202.3155783
404,4.452781144,202.4271637
404.5,4.454933814,202.5378894
405,4.457055876,202.6477621
405.5,4.459148704,202.7567945
406,4.461213842,202.8650181
406.5,4.463252944,202.9724342
407,4.465267828,203.0790374
407.5,4.467260503,203.1848356
408,4.46923323,203.2898391
408.5,4.471188207,203.3940576
409,4.473127666,203.4974848
409.5,4.475053955,203.6001491
410,4.476969509,203.7020601
410.5,4.47887683,203.8032279
411,4.480778424,203.9036574
411.5,4.48267685,204.0033451
412,4.484574717,204.1022962
412.5,4.486474802,204.2005214
413,4.488379575,204.2980425
413.5,4.490291518,204.3948346
414,4.492213142,204.4909171
414.5,4.494146924,204.5862944
415,4.496095256,204.6809702
415.5,4.498060502,204.7749483
416,4.500045152,204.8682361
416.5,4.502051409,204.9608392
417,4.504081298,205.0527626
417.5,4.506136706,205.1440003
418,4.508219415,205.2345559
418.5,4.510331086,205.3244337
419,4.512473226,205.4136404
419.5,4.514647096,205.5021897
420,4.516853906,205.5900681
420.5,4.51909469,205.6772935
421,4.521370183,205.7638707
421.5,4.523680856,205.8498058
422,4.526026941,205.9351127
422.5,4.528408424,206.0197751
423,4.530825004,206.103815
423.5,4.533276082,206.187238
424,4.535760633,206.2700563
424.5,4.538277615,206.3522547
425,4.540825656,206.4338532
425.5,4.543403078,206.5148591
426,4.546007956,206.5952819
426.5,4.548638123,206.6751283
427,4.551291183,206.754397
427.5,4.553964548,206.8331077
428,4.556655591,206.9112688
428.5,4.559361438,206.9888871
429,4.562079085,207.065968
429.5,4.564805508,207.1425196
430,4.567537683,207.2185505
430.5,4.57027264,207.2940701
431,4.573007492,207.369088
431.5,4.575739452,207.4436137
432,4.578465882,207.5176565
432.5,4.581184339,207.5912252
433,4.58389258,207.6643256
433.5,4.586588609,207.7369671
434,4.589270782,207.8091593
434.5,4.591937931,207.8809125
435,4.594589208,207.9522379
435.5,4.59722387,208.0231473
436,4.599841639,208.0936526
436.5,4.60244262,208.1637645
437,4.605027454,208.2334925
437.5,4.607596773,208.3028452
438,4.610151607,208.3718315
438.5,4.612693242,208.4404623
439,4.615223205,208.5087488
439.5,4.617743211,208.5767026
440,4.620255082,208.6443357
440.5,4.622760778,208.7116608
441,4.625262398,208.7786904
441.5,4.627762224,208.8454377
442,4.630262137,208.9119161
442.5,4.632764091,208.9781373
443,4.635269999,209.0441148
443.5,4.637781816,209.1098656
444,4.640300879,209.1754143
444.5,4.642828709,209.2407715
445,4.6453666,209.3059492
445.5,4.64791566,209.3709627
446,4.650476842,209.4358278
446.5,4.653050636,209.5005616
447,4.65563743,209.56519
447.5,4.658237427,209.6297316
448,4.660850668,209.6942048
448.5,4.663477032,209.7586315
449,4.666116217,209.8230205
449.5,4.668767784,209.8873857
450,4.671431238,209.9517457
450.5,4.674106012,210.0161254
451,4.676791176,210.0805316
451.5,4.679485851,210.1449881
452,4.682189124,210.2095127
452.5,4.68490007,210.2741207
453,4.687617788,210.338835
453.5,4.690341375,210.4036423
454,4.693069864,210.4685753
454.5,4.695802252,210.5336456
455,4.698537445,210.598861
455.5,4.701274404,210.6642093
456,4.704012319,210.7297153
456.5,4.706750253,210.7953842
457,4.709487285,210.8612186
457.5,4.712222527,210.9272184
458,4.71495514,210.9933765
458.5,4.717684327,211.0596978
459,4.72040933,211.1261776
459.5,4.723129436,211.1928125
460,4.725843995,211.2595869
460.5,4.728552424,211.326485
461,4.731254282,211.393492
461.5,4.733949365,211.4605907
462,4.736637293,211.5277636
462.5,4.739317874,211.594988
463,4.741990996,211.6622379
463.5,4.744656628,211.7294868
464,4.747314691,211.7967068
464.5,4.749965411,211.8638697
465,4.752609138,211.9309447
465.5,4.755246392,211.9978978
466,4.757877893,212.0646917
466.5,4.760504102,212.1312852
467,4.763125754,212.1976368
467.5,4.76574367,212.2637046
468,4.768358863,212.3294453
468.5,4.770972118,212.3948143
469,4.773584448,212.4597663
469.5,4.776196983,212.524255
470,4.778810845,212.5882333
470.5,4.781427191,212.6516534
471,4.784047197,212.7144678
471.5,4.786672068,212.7766291
472,4.789302938,212.8380897
472.5,4.791940853,212.8988025
473,4.79458666,212.9587205
473.5,4.797241456,213.0177827
474,4.799906261,213.0759656
474.5,4.802582095,213.1332248
475,4.805269867,213.1895108
475.5,4.807970186,213.2447827
476,4.810683616,213.2990122
476.5,4.813410664,213.3521625
477,4.816151773,213.4041929
477.5,4.818907303,213.4550631
478,4.821677468,213.504732
478.5,4.824462308,213.5531922
479,4.827261724,213.6004181
479.5,4.83007548,213.6463829
480,4.832903211,213.691066
480.5,4.835744421,213.734452
481,4.838598514,213.7765278
481.5,4.841464798,213.8172837
482,4.844342487,213.856713
482.5,4.847230708,213.8948139
483,4.850128518,213.9315867
483.5,4.853034942,213.9670326
484,4.855948982,214.0011535
484.5,4.858869619,214.0339524
485,4.861795829,214.0654369
485.5,4.864726636,214.0956213
486,4.867661194,214.1245272
486.5,4.87059846,214.1521805
487,4.873537568,214.1785955
487.5,4.87647775,214.2037964
488,4.879418344,214.2278088
488.5,4.882358708,214.2506588
489,4.885298446,214.2723745
489.5,4.88823728,214.2929887
490,4.891174969,214.3125428
490.5,4.894111355,214.3310735
491,4.897046366,214.3485962
491.5,4.899980018,214.3651695
492,4.902912417,214.3808357
492.5,4.905843745,214.3956356
493,4.908774229,214.4096082
493.5,4.911704146,214.4227922
494,4.914633766,214.4352297
494.5,4.917563384,214.4469632
495,4.920493157,214.4580352
495.5,4.923423105,214.4684881
496,4.926353537,214.4783641
496.5,4.929284568,214.4877047
497,4.932216363,214.4965507
497.5,4.935148639,214.5049421
498,4.938081434,214.5129017
498.5,4.941014581,214.5204864
499,4.943947847,214.5277331
499.5,4.946880939,214.5346775
500,4.949813512,214.5413654
500.5,4.952745194,214.5478135
501,4.955675516,214.5540521
501.5,4.958603918,214.5601104
502,4.961529743,214.5660157
502.5,4.96445271,214.5717933
503,4.96737236,214.5774657
503.5,4.970288194,214.5830537
504,4.973199563,214.5885754
504.5,4.976106167,214.5940457
505,4.979007707,214.599474
505.5,4.981903993,214.604871
506,4.984794919,214.6102476
506.5,4.987680144,214.6156152
507,4.990559774,214.6209802
507.5,4.993433879,214.6263444
508,4.996302776,214.631707
508.5,4.999166701,214.6370642
509,5.002025965,214.6424107
509.5,5.004881023,214.6477393
510,5.007732389,214.6530395
510.5,5.010580594,214.6582974
511,5.013426239,214.6634972
511.5,5.016270241,214.6686221
512,5.019113411,214.6736534
512.5,5.021956604,214.6785695
513,5.02480072,214.683346
513.5,5.027646672,214.6879566
514,5.030495401,214.6923743
514.5,5.033347908,214.696572
515,5.036205233,214.7005223
515.5,5.039068434,214.7041945
516,5.04193852,214.707554
516.5,5.044816488,214.7105679
517,5.047703325,214.7132055
517.5,5.050599981,214.7154402
518,5.053507355,214.717214
518.5,5.05642628,214.718513
519,5.059357659,214.7193015
519.5,5.06230221,214.7195405
520,5.065260446,214.7191896
520.5,5.068232867,214.718212
521,5.071219902,214.7165723
521.5,5.074221942,214.7142355
522,5.077238826,214.7111672
522.5,5.080270664,214.7073338
523,5.083317312,214.7027026
523.5,5.086378632,214.6972419
524,5.089454188,214.6909224
524.5,5.092543352,214.6837176
525,5.095645426,214.6756014
525.5,5.098759532,214.6665476
526,5.10188461,214.6565278
526.5,5.105019468,214.6455027
527,5.108163174,214.6334693
527.5,5.111314533,214.6204129
528,5.114472267,214.6063191
528.5,5.117634954,214.5911747
529,5.120801399,214.5749678
529.5,5.123970422,214.5576905
530,5.127140804,214.539336
530.5,5.130311349,214.519897
531,5.133480878,214.4993683
531.5,5.136648324,214.4777527
532,5.139812791,214.4550568
532.5,5.142973679,214.4312912
533,5.146130145,214.4064621
533.5,5.149281542,214.3805769
534,5.152427374,214.3536576
534.5,5.155567316,214.3257205
535,5.158700992,214.2967838
535.5,5.161828031,214.2668675
536,5.164948457,214.2359946
536.5,5.168062317,214.2041897
537,5.171169913,214.1714786
537.5,5.174271306,214.1378858
538,5.177366765,214.1034457
538.5,5.180456697,214.0681906
539,5.183541739,214.0321549
539.5,5.186622553,213.9953756
540,5.18969981,213.9578911
540.5,5.192774323,213.91974
541,5.195847007,213.8809602
541.5,5.198918868,213.8415889
542,5.20199099,213.8016624
542.5,5.205064533,213.7612175
543,5.208140707,213.7202927
543.5,5.211220759,213.6789292
544,5.214305977,213.6371702
544.5,5.217397669,213.5950571
545,5.220497101,213.5526302
545.5,5.223605445,213.5099284
546,5.226723718,213.4669896
546.5,5.229852768,213.4238504
547,5.232993541,213.3805468
547.5,5.236146667,213.3371138
548,5.239312548,213.2935851
548.5,5.242491346,213.2499926
549,5.245682982,213.2063671
549.5,5.248887145,213.1627382
550,5.252103302,213.1191342
550.5,5.255330704,213.0755817
551,5.258568375,213.032106
551.5,5.261815126,212.9887305
552,5.265069593,212.9454763
552.5,5.268330418,212.9023621
553,5.271595855,212.859405
553.5,5.274864182,212.81662
554,5.278133722,212.7740207
554.5,5.281402957,212.7316184
555,5.284670318,212.6894224
555.5,5.287934247,212.64744
556,5.291193626,212.6056765
556.5,5.294447434,212.5641359
557,5.297695016,212.5228205
557.5,5.300935532,212.4817308
558,5.304168783,212.4408656
558.5,5.3073948,212.4002219
559,5.310614007,212.3597951
559.5,5.313826938,212.319579
560,5.317034269,212.2795661
560.5,5.320236985,212.2397473
561,5.323436314,212.2001125
561.5,5.326633746,212.1606501
562,5.329830554,212.1213474
562.5,5.333028187,212.0821907
563,5.336228136,212.0431654
563.5,5.339432022,212.004256
564,5.342641181,211.9654468
564.5,5.345856809,211.9267212
565,5.349080018,211.8880619
565.5,5.352311743,211.8494505
566,5.355552691,211.8108679
566.5,5.358803027,211.7722945
567,5.362063094,211.7337108
567.5,5.365332864,211.6950968
568,5.368612262,211.6564326
568.5,5.371900582,211.6176974
569,5.375197121,211.5788706
569.5,5.378501034,211.5399315
570,5.381811283,211.5008597
570.5,5.385126715,211.4616352
571,5.388446099,211.4222378
571.5,5.391768169,211.3826474
572,5.395091659,211.3428439
572.5,5.39841534,211.3028072
573,5.40173804,211.2625175
573.5,5.40505871,211.221955
574,5.408376499,211.1811006
574.5,5.41169092,211.1399354
575,5.415001594,211.0984409
575.5,5.418308154,211.0565996
576,5.421610616,211.0143936
576.5,5.424909313,210.9718051
577,5.428205017,210.928816
577.5,5.431498287,210.8854077
578,5.434790061,210.8415624
578.5,5.438081567,210.7972632
579,5.441374427,210.7524947
579.5,5.44467013,210.7072425
580,5.447970298,210.6614921
580.5,5.451276862,210.615229
581,5.45459178,210.5684388
581.5,5.457917132,210.5211069
582,5.461254501,210.4732183
582.5,5.464605919,210.4247578
583,5.467973181,210.3757116
583.5,5.471357953,210.3260686
584,5.47476166,210.2758201
584.5,5.478185744,210.2249577
585,5.481631491,210.1734732
585.5,5.485099897,210.1213575
586,5.48859172,210.0686011
586.5,5.492107502,210.0151942
587,5.495647542,209.9611287
587.5,5.499211887,209.9063981
588,5.50280032,209.8509968
588.5,5.506412383,209.7949204
589,5.510047398,209.7381655
589.5,5.513704457,209.6807296
590,5.517382444,209.6226109
590.5,5.521080041,209.5638088
591,5.524795736,209.5043225
591.5,5.528527911,209.4441522
592,5.532274804,209.3832997
592.5,5.536034704,209.3217688
593,5.539805352,209.2595641
593.5,5.543584873,209.1966906
594,5.547371253,209.1331546
594.5,5.551162392,209.0689632
595,5.554956111,209.0041247
595.5,5.558750377,208.9386482
596,5.562543386,208.8725446
596.5,5.566333308,208.8058253
597,5.570118422,208.7385023
597.5,5.573897061,208.6705897
598,5.577668063,208.6021025
598.5,5.581430307,208.5330557
599,5.585182836,208.4634632
599.5,5.588924832,208.3933379
600,5.59265584,208.3226931
600.5,5.59637574,208.2515446
601,5.600084595,208.1799106
601.5,5.603782721,208.1078115
602,5.607470676,208.0352677
602.5,5.611149264,207.9622995
603,5.614819507,207.8889261
603.5,5.618482629,207.8151662
604,5.622140367,207.7410347
604.5,5.625794007,207.6665478
605,5.629445172,207.5917307
605.5,5.633095613,207.5166055
606,5.63674716,207.4411889
606.5,5.640401649,207.3654964
607,5.644060848,207.2895456
607.5,5.647726448,207.2133601
608,5.651400044,207.1369601
608.5,5.655083117,207.0603547
609,5.658776981,206.983561
609.5,5.662482687,206.9066112
610,5.666200988,206.8295152
610.5,5.669932309,206.7522813
611,5.673676807,206.6749241
611.5,5.677434357,206.5974637
612,5.681204534,206.5199125
612.5,5.684986615,206.4422819
613,5.688779476,206.3645826
613.5,5.692582,206.2868263
614,5.696392697,206.2090254
614.5,5.700209791,206.13119
615,5.704031236,206.0533298
615.5,5.707854953,205.9754536
616,5.711678929,205.8975697
616.5,5.715500996,205.8196848
617,5.719318995,205.7418052
617.5,5.723130767,205.6639371
618,5.726934624,205.5860862
618.5,5.730728913,205.5082576
619,5.734512255,205.430456
619.5,5.738283307,205.3526852
620,5.742041175,205.2749484
620.5,5.745785479,205.1972487
621,5.749516216,205.1195884
621.5,5.753233859,205.0419696
622,5.756938812,204.9643937
622.5,5.760632363,204.886862
623,5.764316029,204.8093757
623.5,5.76799182,204.7319353
624,5.771661708,204.6545414
624.5,5.77532816,204.5771943
625,5.778993922,204.4998944
625.5,5.782661893,204.422642
626,5.786335047,204.3454373
626.5,5.790016114,204.2682797
627,5.793708191,204.1911682
627.5,5.797414118,204.1141008
628,5.80113669,204.037076
628.5,5.804878017,203.960093
629,5.80864029,203.883152
629.5,5.812425371,203.8062534
630,5.816234784,203.7293971
630.5,5.8200696,203.6525826
631,5.823930253,203.5758091
631.5,5.827816842,203.4990747
632,5.831729066,203.4223784
632.5,5.835666359,203.3457199
633,5.839627419,203.2690992
633.5,5.843610655,203.1925175
634,5.847614144,203.1159744
634.5,5.85163573,203.0394679
635,5.855672842,202.9629951
635.5,5.859722729,202.8865531
636,5.863782728,202.8101416
636.5,5.867849895,202.7337602
637,5.871921197,202.657408
637.5,5.875993515,202.5810837
638,5.880064273,202.5047852
638.5,5.88413084,202.4285097
639,5.888190715,202.3522539
639.5,5.892241504,202.2760149
640,5.896281358,202.19979
640.5,5.900308827,202.1235768
641,5.904322627,202.0473717
641.5,5.908321742,201.9711729
642,5.912305452,201.8949784
642.5,5.916273821,201.8187837
643,5.920227046,201.7425803
643.5,5.924165665,201.6663632
644,5.928090545,201.5901313
644.5,5.932002867,201.5138795
645,5.935904098,201.4375972
645.5,5.939796,201.3612756
646,5.943680543,201.284912
646.5,5.947559691,201.2085071
647,5.951435634,201.132054
647.5,5.955310699,201.0555436
648,5.959187464,200.9789673
648.5,5.963068239,200.902314
649,5.966955372,200.8255722
649.5,5.970851196,200.7487286
650,5.974758087,200.6717707
650.5,5.978678292,200.5946953
651,5.98261378,200.5174976
651.5,5.986566483,200.4401697
652,5.990538138,200.3626998
652.5,5.994530272,200.2850739
653,5.998544126,200.2072774
653.5,6.00258111,200.1293028
654,6.006642272,200.0511421
654.5,6.010728366,199.9727877
655,6.014839877,199.8942309
655.5,6.018977075,199.8154622
656,6.023140005,199.7364715
656.5,6.027328473,199.6572484
657,6.031542247,199.5777832
657.5,6.035780686,199.498067
658,6.040042736,199.4180922
658.5,6.044327209,199.3378517
659,6.048632689,199.257338
659.5,6.052957522,199.176544
660,6.057299816,199.0954631
660.5,6.061657499,199.0140894
661,6.066028423,198.9324195
661.5,6.07041039,198.8504517
662,6.074800675,198.7681858
662.5,6.079196637,198.6856224
663,6.083595631,198.6027616
663.5,6.087995234,198.5196032
664,6.092392695,198.4361465
664.5,6.096785086,198.3523915
665,6.10117029,198.26834
665.5,6.105546185,198.1839942
666,6.109910917,198.0993612
666.5,6.114262652,198.0144505
667,6.118599938,197.9292655
667.5,6.122921622,197.843804
668,6.12722687,197.7580858
668.5,6.13151519,197.6721167
669,6.135786447,197.585904
669.5,6.140040894,197.4994573
670,6.144279202,197.4127878
670.5,6.14850243,197.3259084
671,6.152711975,197.2388313
671.5,6.156909472,197.1515685
672,6.161096799,197.0641324
672.5,6.165276181,196.9765362
673,6.169449616,196.8887933
673.5,6.173619333,196.8009175
674,6.177787643,196.7129224
674.5,6.181956966,196.6248214
675,6.186129622,196.5366267
675.5,6.190307729,196.4483496
676,6.194493268,196.360006
676.5,6.19868799,196.2716139
677,6.202893384,196.1831824
677.5,6.207110667,196.0947192
678,6.21134078,196.0062337
678.5,6.215584409,195.9177359
679,6.219841983,195.8292364
679.5,6.224113623,195.7407455
680,6.228399336,195.6522722
680.5,6.232698885,195.563824
681,6.23701175,195.4754073
681.5,6.241337184,195.3870268
682,6.245673929,195.2986853
682.5,6.250021161,195.2103851
683,6.254377803,195.1221287
683.5,6.258742949,195.0339186
684,6.263115216,194.9457571
684.5,6.267493544,194.8576446
685,6.271876983,194.7695796
685.5,6.276264692,194.6815596
686,6.280655892,194.5935803
686.5,6.28504972,194.5056357
687,6.289445823,194.4177194
687.5,6.293843871,194.3298255
688,6.298243864,194.2419491
688.5,6.302645494,194.154084
689,6.307048996,194.0662226
689.5,6.311454677,193.9783567
690,6.315863031,193.8904772
690.5,6.3202745,193.8025744
691,6.324689436,193.7146381
691.5,6.329108556,193.6266581
692,6.333532533,193.5386242
692.5,6.337962213,193.4505259
693,6.342397868,193.3623536
693.5,6.346840194,193.2740976
694,6.351289723,193.1857479
694.5,6.355746992,193.0972938
695,6.360212216,193.0087238
695.5,6.3646855,192.9200263
696,6.369167034,192.8311908
696.5,6.373656808,192.7422087
697,6.378154687,192.6530737
697.5,6.382660482,192.56378
698,6.387173893,192.4743223
698.5,6.391694471,192.3846954
699,6.396221618,192.2948935
699.5,6.40075461,192.2049107
700,6.405292694,192.1147421
700.5,6.409835108,192.0243842
701,6.414381188,191.933835
701.5,6.418930352,191.8430939
702,6.423481677,191.7521599
702.5,6.428034444,191.6610338
703,6.432588007,191.569718
703.5,6.437141964,191.4782161
704,6.441695751,191.3865318
704.5,6.446248933,191.2946688
705,6.450801231,191.2026326
705.5,6.455352504,191.1104294
706,6.45990272,191.018066
706.5,6.464452011,190.9255482
707,6.469000793,190.8328862
707.5,6.473549466,190.7400936
708,6.478098671,190.6471802
708.5,6.482648815,190.5541525
709,6.487200744,190.4610209
709.5,6.491755295,190.367798
710,6.496313312,190.2744966
710.5,6.500875608,190.181131
711,6.505443101,190.0877148
711.5,6.51001686,189.9942629
712,6.514597818,189.9007894
712.5,6.519186869,189.807308
713,6.523784826,189.7138294
713.5,6.528392417,189.6203672
714,6.533010353,189.5269382
714.5,6.537639504,189.4335572
715,6.54228049,189.3402376
715.5,6.54693374,189.2469933
716,6.551599654,189.1538379
716.5,6.556278572,189.0607846
717,6.560970851,188.9678459
717.5,6.565676407,188.8750343
718,6.570395352,188.7823601
718.5,6.575127857,188.6898341
719,6.579873896,188.5974674
719.5,6.584633371,188.5052714
720,6.589406176,188.4132571
720.5,6.594192237,188.321435
721,6.598991561,188.2298141
721.5,6.603804165,188.1384019
722,6.608629683,188.0472029
722.5,6.613468345,187.9562217
723,6.618320242,187.8654633
723.5,6.623185704,187.7749336
724,6.628064569,187.6846383
724.5,6.63295716,187.5945854
725,6.637863861,187.5047796
725.5,6.642785087,187.4152165
726,6.647721183,187.3258952
726.5,6.652672308,187.236819
727,6.657638998,187.1479908
727.5,6.662621691,187.0594085
728,6.66762104,186.9710644
728.5,6.672637234,186.8829537
729,6.677670481,186.7950813
729.5,6.682720953,186.7074438
730,6.687788871,186.620024
730.5,6.6928742,186.5328236
731,6.697976572,186.4458376
731.5,6.703095562,186.3590601
732,6.708230569,186.2724846
732.5,6.713380783,186.1861054
733,6.718545082,186.0999157
733.5,6.723722483,186.0139073
734,6.728911599,185.9280704
734.5,6.734110925,185.8423942
735,6.739318484,185.7568694
735.5,6.744532138,185.6714863
736,6.749749788,185.5862353
736.5,6.754969228,185.5011063
737,6.760188272,185.4160898
737.5,6.765404383,185.3311755
738,6.770615127,185.2463526
738.5,6.775818062,185.1616099
739,6.781010993,185.0769362
739.5,6.786191521,184.9923199
740,6.791357331,184.9077489
740.5,6.79650639,184.8232117
741,6.80163699,184.7386977
741.5,6.806747708,184.6541968
742,6.811837112,184.5696987
742.5,6.816904405,184.4851926
743,6.821948843,184.4006675
743.5,6.826969916,184.3161125
744,6.831967242,184.2315161
744.5,6.83694114,184.1468669
745,6.841892161,184.0621539
745.5,6.846821146,183.9773665
746,6.851729133,183.8924945
746.5,6.856617278,183.8075279
747,6.861487285,183.7224571
747.5,6.866340916,183.637273
748,6.871180102,183.5519675
748.5,6.8760068,183.4665323
749,6.880823454,183.3809583
749.5,6.885632487,183.295236
750,6.890436474,183.2093558
750.5,6.895237813,183.1233091
751,6.900038882,183.0370878
751.5,6.904842387,182.9506846
752,6.909650897,182.8640932
752.5,6.914467062,182.7773077
753,6.91929291,182.6903226
753.5,6.924131,182.6031325
754,6.928983584,182.5157331
754.5,6.93385293,182.4281207
755,6.938740867,182.3402929
755.5,6.943649129,182.2522484
756,6.948579463,182.1639848
756.5,6.953533457,182.0754985
757,6.958512643,181.9867862
757.5,6.963517977,181.8978462
758,6.968550341,181.8086788
758.5,6.973610449,181.7192853
759,6.97869887,181.6296686
759.5,6.983816332,181.5398324
760,6.988962726,181.44978
760.5,6.994137962,181.3595152
761,6.99934181,181.2690423
761.5,7.004573826,181.1783668
762,7.00983309,181.0874933
762.5,7.015118907,180.9964271
763,7.020430137,180.9051773
763.5,7.025765409,180.8137566
764,7.031123024,180.7221741
764.5,7.036501391,180.6304358
765,7.041898742,180.5385522
765.5,7.047313267,180.4465384
766,7.052743063,180.3544086
766.5,7.058185959,180.262172
767,7.063639807,180.1698374
767.5,7.069102434,180.0774233
768,7.07457166,179.9849492
768.5,7.080045227,179.8924324
769,7.085521203,179.7998901
769.5,7.090997741,179.7073397
770,7.096473268,179.6148013
770.5,7.101946323,179.5222947
771,7.107415505,179.429832
771.5,7.112879692,179.3374297
772,7.118338009,179.2451088
772.5,7.123789834,179.1528914
773,7.129234806,179.0608002
773.5,7.134672884,178.9688567
774,7.140104327,178.87708
774.5,7.145529813,178.7854877
775,7.150950025,178.6940965
775.5,7.156366057,178.6029248
776,7.16177935,178.5119931
776.5,7.167191397,178.4213236
777,7.172603813,178.3309392
777.5,7.178018271,178.2408616
778,7.1834368,178.1511111
778.5,7.188861473,178.0617059
779,7.194294642,177.9726638
779.5,7.199738343,177.8840023
780,7.205194616,177.7957388
780.5,7.210665472,177.7078903
781,7.216152865,177.6204728
781.5,7.221658589,177.533502
782,7.227183931,177.4469916
782.5,7.232730504,177.3609561
783,7.238299533,177.275411
783.5,7.243892192,177.1903725
784,7.249508847,177.1058567
784.5,7.255150107,177.0218783
785,7.260816245,176.9384504
785.5,7.266507302,176.8555853
786,7.272222939,176.7732939
786.5,7.277962359,176.6915826
787,7.283724866,176.6104569
787.5,7.289509438,176.5299302
788,7.295315042,176.4500213
788.5,7.301139847,176.3707271
789,7.306982414,176.2920594
789.5,7.312840998,176.2140277
790,7.318713789,176.136639
790.5,7.324598609,176.0598989
791,7.330493229,175.9838113
791.5,7.336395618,175.9083811
792,7.34230357,175.8336132
792.5,7.34821508,175.7595119
793,7.354127911,175.6860813
793.5,7.36003977,175.6133245
794,7.365948588,175.5412445
794.5,7.371852591,175.4698435
795,7.377749758,175.3991231
795.5,7.383638355,175.3290855
796,7.389516885,175.2597328
796.5,7.395383928,175.1910617
797,7.401238305,175.1230674
797.5,7.407078538,175.0557522
798,7.412903778,174.9891181
798.5,7.418713261,174.9231633
799,7.424506578,174.8578848
799.5,7.4302834,174.7932785
800,7.436043313,174.7293407
800.5,7.441786393,174.6660666
801,7.447512903,174.6034501
801.5,7.453223208,174.5414833
802,7.458917533,174.4801575
802.5,7.464596694,174.4194652
803,7.470261554,174.3593983
803.5,7.475913368,174.2999483
804,7.481553131,174.2411053
804.5,7.487182007,174.1828579
805,7.492801358,174.1251935
805.5,7.498413021,174.068099
806,7.504018462,174.0115585
806.5,7.509619155,173.9555535
807,7.515216929,173.9000751
807.5,7.520813547,173.8451119
808,7.526410819,173.7906452
808.5,7.532010656,173.7366515
809,7.537614857,173.6831104
809.5,7.543225024,173.6300062
810,7.548842793,173.5773199
810.5,7.554469847,173.5250275
811,7.560108177,173.4731056
811.5,7.565759327,173.4215343
812,7.571424539,173.3702941
812.5,7.577105157,173.3193605
813,7.582802592,173.2687067
813.5,7.588518235,173.218309
814,7.594252916,173.1681465
814.5,7.600007512,173.1181962
815,7.605782715,173.0684311
815.5,7.611579728,173.018827
816,7.617399247,172.9693636
816.5,7.62324163,172.9200197
817,7.629107237,172.8707687
817.5,7.634996364,172.8215823
818,7.64090984,172.7724376
818.5,7.64684776,172.7233184
819,7.652810294,172.674203
819.5,7.658797646,172.6250623
820,7.664809934,172.5758735
820.5,7.670847693,172.5266226
821,7.67691094,172.477293
821.5,7.682999685,172.4278644
822,7.689113949,172.3783166
822.5,7.695254171,172.328637
823,7.70142025,172.2788157
823.5,7.707612234,172.2288381
824,7.713830132,172.1786866
824.5,7.720074097,172.1283488
825,7.72634393,172.0778183
825.5,7.732639212,172.0270889
826,7.738959457,171.976151
826.5,7.74530422,171.9249975
827,7.751673508,171.8736281
827.5,7.758066222,171.822042
828,7.764481475,171.7702335
828.5,7.770918281,171.7182014
829,7.77737573,171.6659523
829.5,7.783852357,171.6134943
830,7.790346547,171.5608324
830.5,7.796856469,171.5079693
831,7.803380349,171.4549097
831.5,7.809916443,171.4016652
832,7.816462538,171.3482498
832.5,7.823016482,171.2946743
833,7.829576059,171.2409493
833.5,7.836139252,171.1870923
834,7.842703606,171.1331224
834.5,7.84926677,171.0790547
835,7.855826341,171.0249038
835.5,7.86238031,170.9706884
836,7.868926779,170.9164322
836.5,7.87546367,170.8621591
837,7.881989227,170.8078898
837.5,7.888501981,170.7536448
838,7.895000933,170.6994489
838.5,7.90148492,170.6453303
839,7.907952796,170.5913142
839.5,7.914403746,170.5374225
840,7.920838036,170.4836809
840.5,7.927255411,170.43012
841,7.933655931,170.3767687
841.5,7.940039921,170.3236503
842,7.946407946,170.2707877
842.5,7.952761136,170.2182085
843,7.959100876,170.165941
843.5,7.96542838,170.1140135
844,7.971744615,170.0624559
844.5,7.978051341,170.011286
845,7.984350527,169.9605286
845.5,7.990644148,169.9102093
846,7.996933769,169.8603546
846.5,8.00322152,169.8109887
847,8.009509851,169.7621347
847.5,8.015800444,169.7138152
848,8.022095305,169.6660527
848.5,8.028396442,169.6188704
849,8.034706129,169.5722914
849.5,8.041026187,169.526336
850,8.047358431,169.4810214
850.5,8.053704489,169.4363616
851,8.060066152,169.39237
851.5,8.06644521,169.3490607
852,8.072842859,169.3064476
852.5,8.079260324,169.2645501
853,8.085698624,169.2233749
853.5,8.092159106,169.1829296
854,8.098642917,169.1432225
854.5,8.105150427,169.1042625
855,8.111682025,169.0660589
855.5,8.118238395,169.0286197
856,8.124820337,168.9919502
856.5,8.13142763,168.9560535
857,8.138060257,168.9209298
857.5,8.14471811,168.8865766
858,8.151401645,168.8529931
858.5,8.158110565,168.8201806
859,8.164844265,168.7881428
859.5,8.17160218,168.7568812
860,8.178383863,168.7263864
860.5,8.185189502,168.6966547
861,8.192018079,168.6676813
861.5,8.198868782,168.6394602
862,8.205741022,168.6119841
862.5,8.212634538,168.5852457
863,8.219548178,168.5592385
863.5,8.226481056,168.533956
864,8.233432116,168.5093921
864.5,8.24040081,168.4855403
865,8.247386509,168.4623936
865.5,8.254387763,168.439944
866,8.261403126,168.4181829
866.5,8.268431669,168.3971018
867,8.275472838,168.3766929
867.5,8.282524961,168.3569483
868,8.289586668,168.3378607
868.5,8.296656615,168.319423
869,8.303733535,168.3016289
869.5,8.310816271,168.2844719
870,8.317903227,168.2679455
870.5,8.324993012,168.2520438
871,8.332084216,168.2367615
871.5,8.339175663,168.2220942
872,8.3462659,168.2080378
872.5,8.353353859,168.1945883
873,8.360438379,168.1817427
873.5,8.367518447,168.1694986
874,8.37459349,168.1578541
874.5,8.381662825,168.1468078
875,8.388726028,168.1363583
875.5,8.395782953,168.126505
876,8.402833629,168.1172469
876.5,8.409878057,168.1085856
877,8.41691683,168.100533
877.5,8.423950651,168.0930832
878,8.430980682,168.0862385
878.5,8.438007697,168.0800022
879,8.445033025,168.074379
879.5,8.452058173,168.0693746
880,8.459084869,168.0649941
880.5,8.46611498,168.0612432
881,8.473149978,168.0581274
881.5,8.480191826,168.0556525
882,8.48724248,168.0538249
882.5,8.49430423,168.0526515
883,8.501378451,168.0521397
883.5,8.508467108,168.0523008
884,8.515571851,168.0531384
884.5,8.522694403,168.0546601
885,8.5298359,168.0568742
885.5,8.536997589,168.0597924
886,8.54418062,168.0634211
886.5,8.551385851,168.0677675
887,8.558613929,168.0728404
887.5,8.565864739,168.078648
888,8.573138972,168.0851972
888.5,8.580436641,168.092499
889,8.587757529,168.1005656
889.5,8.595101252,168.1093894
890,8.602467667,168.1189742
890.5,8.609856079,168.1293379
891,8.617265554,168.1404942
891.5,8.624695389,168.1524391
892,8.63214486,168.1651664
892.5,8.63961371,168.1786931
893,8.647100782,168.1930369
893.5,8.654605209,168.2081795
894,8.662126107,168.2241221
894.5,8.669663222,168.2408693
895,8.677216282,168.2584321
895.5,8.684784455,168.2768179
896,8.692367266,168.2960174
896.5,8.69996458,168.3160333
897,8.707576952,168.3368715
897.5,8.715204009,168.3585314
898,8.72284578,168.3810071
898.5,8.730502266,168.4042856
899,8.738174143,168.4283769
899.5,8.745862353,168.4532816
900,8.753567103,168.4789984
900.5,8.761288566,168.5055119
901,8.769027722,168.5328248
901.5,8.776785377,168.5609382
902,8.784562279,168.5898497
902.5,8.792359044,168.619556
903,8.800176035,168.6500438
903.5,8.808013552,168.6813083
904,8.815872375,168.7133602
904.5,8.823753309,168.7461904
905,8.831656858,168.7797843
905.5,8.839582638,168.8141347
906,8.847530619,168.8492465
906.5,8.855501107,168.8851221
907,8.86349417,168.9217613
907.5,8.871508945,168.9591638
908,8.879545329,168.9973259
908.5,8.887602639,169.0362418
909,8.895680152,169.0759111
909.5,8.903777228,169.1163384
910,8.911892772,169.1575272
910.5,8.920025818,169.1994831
911,8.928175448,169.2422119
911.5,8.936340934,169.2857086
912,8.944520753,169.3299782
912.5,8.952714056,169.3750357
913,8.960919919,169.4208903
913.5,8.969137785,169.4675508
914,8.977366311,169.5150218
914.5,8.985604661,169.5633119
915,8.993852546,169.6124402
915.5,9.002109497,169.6624223
916,9.01037533,169.7132683
916.5,9.018649093,169.7649915
917,9.026931075,169.817611
917.5,9.035221277,169.871149
918,9.043520033,169.9256217
918.5,9.051827001,169.9810448
919,9.060142358,170.0374384
919.5,9.06846657,170.0948257
920,9.076800252,170.1532295
920.5,9.0851439,170.2126759
921,9.093497244,170.2731786
921.5,9.101860368,170.334761
922,9.110233411,170.3974487
922.5,9.118616867,170.461268
923,9.127010195,170.5262436
923.5,9.135413658,170.5923986
924,9.143827002,170.6597547
924.5,9.152249823,170.7283355
925,9.16068152,170.7981677
925.5,9.169121392,170.8692651
926,9.177569271,170.9416499
926.5,9.186024493,171.0153463
927,9.194486295,171.09038
927.5,9.202953684,171.166766
928,9.211426532,171.2445191
928.5,9.219904217,171.3236586
929,9.228386052,171.4042079
929.5,9.236871302,171.4861845
930,9.245359416,171.5695903
930.5,9.253850405,171.6544372
931,9.262343918,171.7407435
931.5,9.270839561,171.8285301
932,9.27933675,171.9177959
932.5,9.287835743,172.0085445
933,9.296336306,172.1007825
933.5,9.304838155,172.1945165
934,9.313340821,172.2897453
934.5,9.32184334,172.3864643
935,9.330345252,172.4846732
935.5,9.338845658,172.5843777
936,9.347343961,172.6855825
936.5,9.355836877,172.7882709
937,9.364322387,172.892434
937.5,9.372797888,172.998066
938,9.381260151,173.1051607
938.5,9.389704445,173.2137111
939,9.398126102,173.3237007
939.5,9.406519702,173.4351
940,9.414878802,173.5479177
940.5,9.423196085,173.6621399
941,9.43146339,173.7777442
941.5,9.439672456,173.8947203
942,9.447813808,174.0130445
942.5,9.455877197,174.1327016
943,9.463851497,174.2536738
943.5,9.47172579,174.3759473
944,9.47948831,174.4995032
944.5,9.4871269,174.624321
945,9.494629,174.7503837
945.5,9.501982241,174.8776782
946,9.50917422,175.0061931
946.5,9.516192622,175.1359043
947,9.523025382,175.2667972
947.5,9.529660836,175.3988543
948,9.53608824,175.5320591
948.5,9.542297431,175.6663999
949,9.548279174,175.8018678
949.5,9.554025285,175.938451
950,9.559528604,176.0761426
950.5,9.564783268,176.2149364
951,9.569785022,176.3548166
951.5,9.574530942,176.4957778
952,9.579019134,176.6378163
952.5,9.583249266,176.7809392
953,9.58722238,176.9251311
953.5,9.59094169,177.0703919
954,9.59441146,177.2167228
954.5,9.597637159,177.3641282
955,9.600625382,177.5126153
955.5,9.603383866,177.6621828
956,9.605921927,177.8128377
956.5,9.608249365,177.9645877
957,9.610376653,178.1174548
957.5,9.612314645,178.2714348
958,9.614075467,178.4265398
958.5,9.615671042,178.5827833
959,9.617113402,178.7401821
959.5,9.618414441,178.8987568
960,9.619585912,179.0585268
960.5,9.62063975,179.2194888
961,9.621587128,179.3816684
961.5,9.62243867,179.5450867
962,9.623204357,179.7097657
962.5,9.623893463,179.8757359
963,9.624514617,180.0429982
963.5,9.62507578,180.211572
964,9.625583852,180.3814836
964.5,9.626044755,180.5527555
965,9.62646371,180.7254181
965.5,9.626845107,180.8994816
966,9.627193103,181.0749653
966.5,9.627510706,181.2518932
967,9.627800189,181.4302902
967.5,9.628062996,181.6101804
968,9.6283009,181.7915812
968.5,9.628514798,181.9744936
969,9.628705254,182.1589501
969.5,9.628872452,182.3449679
970,9.629016452,182.5325659
970.5,9.629137671,182.7217584
971,9.629236063,182.9125596
971.5,9.629311511,183.1049913
972,9.629363805,183.2990682
972.5,9.629393641,183.4948171
973,9.629401353,183.6922259
973.5,9.62938734,183.8913087
974,9.629351907,184.0920794
974.5,9.629296286,184.2945523
975,9.629221512,184.4987432
975.5,9.62912868,184.7046413
976,9.629018912,184.9122506
976.5,9.628893256,185.1215837
977,9.628753511,185.33265
977.5,9.62860098,185.5454528
978,9.62843683,185.7599942
978.5,9.628261927,185.9762592
979,9.628077604,186.1942606
979.5,9.627884888,186.4139911
980,9.627684351,186.6354477
980.5,9.627476051,186.8586377
981,9.627260006,187.0835452
981.5,9.6270366,187.3101639
982,9.626805946,187.5384919
982.5,9.62656714,187.7685277
983,9.626318629,188.0002673
983.5,9.626059659,188.2337007
984,9.625788852,188.4687977
984.5,9.625504648,188.7055669
985,9.625205322,188.9439945
985.5,9.624889044,189.1840702
986,9.624553967,189.4257963
986.5,9.624198269,189.669145
987,9.623820205,189.9141035
987.5,9.623418117,190.1606663
988,9.62299051,190.4088316
988.5,9.622536143,190.6585837
989,9.622054071,190.9099087
989.5,9.621543679,191.1627767
990,9.621004687,191.417192
990.5,9.620437163,191.6731459
991,9.619841684,191.9306279
991.5,9.619219105,192.1896219
992,9.618570703,192.4501139
992.5,9.617898253,192.7120962
993,9.617203912,192.975564
993.5,9.616490208,193.2405063
994,9.615759964,193.5069114
994.5,9.615016338,193.7747699
995,9.614263242,194.0440739
995.5,9.613504355,194.3148168
996,9.612743345,194.586996
996.5,9.611983516,194.8606126
997,9.61123049,195.1356532
997.5,9.610488593,195.4120844
998,9.609761534,195.6899326
998.5,9.609052939,195.9691928
999,9.608367097,196.2498661
999.5,9.607707869,196.5319528
1000,9.607078708,196.8154358
1000.5,9.606482538,197.1003141
1001,9.60592198,197.3865915
1001.5,9.605399457,197.6742829
1002,9.604916939,197.9633724
1002.5,9.604475722,198.2538601
1003,9.604076533,198.5457511
1003.5,9.603719779,198.8390616
1004,9.603405486,199.1337798
1004.5,9.603133032,199.4299066
1005,9.602901115,199.7274471
1005.5,9.602708071,200.0264279
1006,9.602552034,200.3268407
1006.5,9.602430698,200.6286896
1007,9.602341156,200.9319777
1007.5,9.602280146,201.2366972
1008,9.602244434,201.5428756
1008.5,9.602230699,201.8505124
1009,9.602235228,202.1596124
1009.5,9.602254001,202.4701668
1010,9.602283134,202.7822051
1010.5,9.602319054,203.0957376
1011,9.602358209,203.4107639
1011.5,9.602396951,203.7272888
1012,9.602431847,204.0453311
1012.5,9.602459805,204.3648956
1013,9.602477976,204.6859658
1013.5,9.602483716,205.0085618
1014,9.602474652,205.3327037
1014.5,9.602448725,205.6583855
1015,9.602404254,205.9856115
1015.5,9.602339926,206.3143867
1016,9.602254752,206.6447201
1016.5,9.602148027,206.9766337
1017,9.602019259,207.3101213
1017.5,9.60186825,207.6451626
1018,9.601695059,207.9817811
1018.5,9.601499975,208.3199865
1019,9.601283491,208.65979
1019.5,9.601046244,209.0011785
1020,9.600788999,209.344154
1020.5,9.600512658,209.6887406
1021,9.600218248,210.0349292
1021.5,9.599906898,210.3827236
1022,9.599579794,210.7321302
1022.5,9.599238126,211.0831387
1023,9.598883074,211.4357477
1023.5,9.598515786,211.789991
1024,9.598137406,212.1458384
1024.5,9.597749062,212.5033095
1025,9.597351834,212.8623897
1025.5,9.596946752,213.223088
1026,9.596534784,213.5854023
1026.5,9.596116837,213.9493285
1027,9.595693748,214.3148685
1027.5,9.595266288,214.6820256
1028,9.594835185,215.0508044
1028.5,9.594401024,215.4212083
1029,9.5939643,215.7932354
1029.5,9.593525453,216.166864
1030,9.593084923,216.5421136
1030.5,9.592643139,216.9189779
1031,9.59220045,217.2974529
1031.5,9.591757175,217.6775314
1032,9.59131361,218.0592292
1032.5,9.590870044,218.4425461
1033,9.590426807,218.8274674
1033.5,9.589984236,219.2140028
1034,9.589542667,219.6021392
1034.5,9.589102442,219.9918978
1035,9.588663931,220.3832634
1035.5,9.588227572,220.7762436
1036,9.587793858,221.1708273
1036.5,9.587363343,221.5670155
1037,9.586936641,221.9648342
1037.5,9.586514406,222.3642559
1038,9.586097326,222.7652738
1038.5,9.585686124,223.167894
1039,9.585281538,223.5721331
1039.5,9.584884278,223.9779956
1040,9.584495026,224.3854684
1040.5,9.584114451,224.794532
1041,9.583743175,225.2051974
1041.5,9.583381764,225.6174772
1042,9.583030723,226.031369
1042.5,9.582690447,226.4468678
1043,9.582361191,226.8639743
1043.5,9.582042995,227.2827039
1044,9.581735741,227.7030256
1044.5,9.581439157,228.1249566
1045,9.581152795,228.5484958
1045.5,9.580876049,228.9736382
1046,9.580608148,229.4003832
1046.5,9.580348123,229.82874
1047,9.580094832,230.2587044
1047.5,9.579846989,230.6902672
1048,9.579603227,231.1234283
1048.5,9.579362104,231.5581923
1049,9.579122116,231.9945615
1049.5,9.578881731,232.4325253
1050,9.578639427,232.872078
1050.5,9.578393702,233.3132189
1051,9.578143117,233.7559609
1051.5,9.577886267,234.2002906
1052,9.577622052,234.6461941
1052.5,9.577349535,235.0936811
1053,9.577067902,235.5427293
1053.5,9.576776536,235.9933533
1054,9.57647504,236.4455538
1054.5,9.576163262,236.8993252
1055,9.575841299,237.3546485
1055.5,9.575509483,237.8115297
1056,9.575168382,238.2699588
1056.5,9.574818823,238.7299237
1057,9.574461849,239.1914297
1057.5,9.574098498,239.654481
1058,9.573729989,240.1190709
1058.5,9.573357869,240.5851716
1059,9.572983823,241.0528049
1059.5,9.572609394,241.5219291
1060,9.572236051,241.9925986
1060.5,9.571865425,242.4647484
1061,9.571499266,242.9383921
1061.5,9.571139124,243.4135316
1062,9.57078627,243.8901579
1062.5,9.570441911,244.3682658
1063,9.570107314,244.8478461
1063.5,9.569783588,245.3289016
1064,9.569471454,245.8114208
1064.5,9.56917137,246.2954087
1065,9.568883782,246.7808516
1065.5,9.568609072,247.2677594
1066,9.568347255,247.7561073
1066.5,9.568097943,248.2458964
1067,9.567860666,248.7371297
1067.5,9.567634994,249.2298053
1068,9.56742029,249.7239356
1068.5,9.567215467,250.2194837
1069,9.56701923,250.7164846
1069.5,9.566830412,251.2148918
1070,9.566647868,251.7147491
1070.5,9.566470076,252.2160283
1071,9.566295252,252.7187236
1071.5,9.566121896,253.2228363
1072,9.565948693,253.7283733
1072.5,9.565774031,254.2353309
1073,9.565596123,254.7436783
1073.5,9.5654134,255.2534481
1074,9.565224541,255.7646448
1074.5,9.565028156,256.2772619
1075,9.564822801,256.7912854
1075.5,9.564607262,257.306711
1076,9.564380671,257.8235767
1076.5,9.564142296,258.3418626
1077,9.563891377,258.861549
1077.5,9.563627299,259.3826233
1078,9.563349839,259.905138
1078.5,9.563059057,260.4290773
1079,9.562754937,260.9544339
1079.5,9.562437425,261.4811742
1080,9.562106808,262.0093248
1080.5,9.561763728,262.5389061
1081,9.561408768,263.0699112
1081.5,9.561042296,263.6023224
1082,9.56066473,264.1361478
1082.5,9.560276656,264.6713879
1083,9.559878702,265.2080265
1083.5,9.559471401,265.7460936
1084,9.559055199,266.2855868
1084.5,9.558630379,266.8264986
1085,9.558197066,267.3688474
1085.5,9.557755249,267.9126165
1086,9.557304752,268.4577971
1086.5,9.556845229,269.0044201
1087,9.55637616,269.5524812
1087.5,9.555896863,270.1019702
1088,9.555406502,270.6528859
1088.5,9.554904109,271.2052169
1089,9.554388645,271.7590231
1089.5,9.55385893,272.314246
1090,9.553313689,272.8709151
1090.5,9.552751627,273.4290411
1091,9.552171504,273.988636
1091.5,9.551572219,274.5496885
1092,9.550952781,275.1122068
1092.5,9.550312319,275.6761994
1093,9.549650116,276.2416414
1093.5,9.548965606,276.808584
1094,9.548258504,277.3770369
1094.5,9.547528833,277.9470007
1095,9.546776918,278.5184462
1095.5,9.546003379,279.0913986
1096,9.545209096,279.6658879
1096.5,9.544395226,280.2419242
1097,9.543563222,280.8194986
1097.5,9.542714827,281.3986215
1098,9.541852074,281.9793191
1098.5,9.540977211,282.5615847
1099,9.540092674,283.1454808
1099.5,9.539201062,283.7309592
1100,9.538305113,284.3180525
1100.5,9.537407617,284.9067937
1101,9.536511342,285.4971754
1101.5,9.535619042,286.0892071
1102,9.534733421,286.6829081
1102.5,9.533857136,287.2783143
1103,9.532992747,287.87542
1103.5,9.53214265,288.4742333
1104,9.531309036,289.0747441
1104.5,9.530493808,289.6770174
1105,9.529698602,290.281041
1105.5,9.52892481,290.8868339
1106,9.528173551,291.4944089
1106.5,9.527445659,292.1037715
1107,9.526741686,292.7149579
1107.5,9.526061897,293.327963
1108,9.52540629,293.9428153
1108.5,9.52477461,294.5594921
1109,9.524166366,295.1780143
1109.5,9.523580841,295.7983862
1110,9.523017118,296.4206742
1110.5,9.522474103,297.0448158
1111,9.521950565,297.6708366
1111.5,9.521445153,298.2987631
1112,9.520956377,298.9285992
1112.5,9.52048265,299.5603313
1113,9.520022313,300.1939526
1113.5,9.519573685,300.8294955
1114,9.519135072,301.4669494
1114.5,9.518704773,302.1063098
1115,9.5182811,302.7475474
1115.5,9.51786239,303.3906864
1116,9.517447025,304.0357468
1116.5,9.517033438,304.6826948
1117,9.516620133,305.3315075
1117.5,9.516205687,305.9821766
1118,9.515788769,306.6347297
1118.5,9.515368142,307.2891219
1119,9.514942678,307.9453647
1119.5,9.514511364,308.6034083
1120,9.514073309,309.2632755
1120.5,9.513627708,309.9249228
1121,9.51317387,310.5883722
1121.5,9.512711295,311.2535784
1122,9.512239761,311.9204987
1122.5,9.511759071,312.5891429
1123,9.511269097,313.2594788
1123.5,9.510769914,313.9315137
1124,9.510261742,314.605162
1124.5,9.509744945,315.280445
1125,9.509220011,315.9573466
1125.5,9.508687536,316.6358331
1126,9.508148215,317.3158463
1126.5,9.507602831,317.9973874
1127,9.507052223,318.6804406
1127.5,9.50649724,319.3649638
1128,9.505938772,320.0509554
1128.5,9.505377739,320.7383791
1129,9.50481508,321.4272038
1129.5,9.50425172,322.1173868
1130,9.503688511,322.8089232
1130.5,9.503126201,323.5017935
1131,9.502565451,324.195952
1131.5,9.502006742,324.8913753
1132,9.501450284,325.5880537
1132.5,9.500896247,326.2859554
1133,9.500344888,326.9850635
1133.5,9.499796348,327.6853632
1134,9.499250398,328.3868432
1134.5,9.498706597,329.0894437
1135,9.498164562,329.7931893
1135.5,9.497623903,330.498049
1136,9.497083946,331.2040114
1136.5,9.496543748,331.9110466
1137,9.496002385,332.6191117
1137.5,9.495459051,333.3282418
1138,9.494912843,334.0383972
1138.5,9.494362577,334.7495822
1139,9.493806991,335.4617514
1139.5,9.493245042,336.1749157
1140,9.492675756,336.8890548
1140.5,9.492097903,337.6041765
1141,9.491510092,338.320244
1141.5,9.490911132,339.0372605
1142,9.490300068,339.7551761
1142.5,9.489675863,340.4739909
1143,9.489037344,341.1937343
1143.5,9.488383371,341.9143703
1144,9.487712932,342.6358532
1144.5,9.487025086,343.3581783
1145,9.486318915,344.0813267
1145.5,9.48559355,344.8052968
1146,9.484848238,345.5300465
1146.5,9.484082459,346.2555429
1147,9.4832956,346.98177
1147.5,9.482487147,347.7087144
1148,9.481656743,348.4362855
1148.5,9.480804175,349.1644797
1149,9.479929382,349.8932491
1149.5,9.479032459,350.62256
1150,9.478113693,351.3523524
1150.5,9.47717355,352.0825675
1151,9.47621266,352.8131316
1151.5,9.475231829,353.5439824
1152,9.474232035,354.2750535
1152.5,9.473214503,355.0062568
1153,9.472180726,355.7375052
1153.5,9.471132464,356.4687028
1154,9.470071712,357.1997724
1154.5,9.469000646,357.9305941
1155,9.467921636,358.6610303
1155.5,9.46683725,359.390953
1156,9.465750232,360.1202375
1156.5,9.464663489,360.8487585
1157,9.463580065,361.5763505
1157.5,9.462503078,362.3028066
1158,9.461435695,363.0279975
1158.5,9.460381127,363.7517616
1159,9.459342497,364.4738565
1159.5,9.458322849,365.1940997
1160,9.457325176,365.9122528
1160.5,9.456352266,366.6281124
1161,9.45540669,367.3414611
1161.5,9.454490737,368.0520229
1162,9.453606334,368.7595355
1162.5,9.452755004,369.4637357
1163,9.45193783,370.1643729
1163.5,9.451155443,370.8611223
1164,9.450408008,371.5536593
1164.5,9.449695209,372.2416973
1165,9.44901623,372.9249169
1165.5,9.448369694,373.602964
1166,9.447753651,374.2754957
1166.5,9.447165617,374.9421742
1167,9.446602641,375.6026029
1167.5,9.446061335,376.2564105
1168,9.44553792,376.9032236
1168.5,9.445028267,377.5426744
1169,9.444527977,378.1743105
1169.5,9.444032449,378.7977602
1170,9.443536961,379.4126
1170.5,9.443036746,380.0184093
1171,9.442527027,380.6147582
1171.5,9.442003145,381.2011956
1172,9.441460883,381.777326
1172.5,9.440896244,382.3426948
1173,9.44030557,382.8968358
1173.5,9.439685664,383.4393428
1174,9.439033915,383.9697528
1174.5,9.438348329,384.4876195
1175,9.437627578,384.9925186
1175.5,9.436871044,385.4840175
1176,9.436078856,385.9616661
1176.5,9.43525191,386.4250479
1177,9.434391879,386.8737362
1177.5,9.433501209,387.3072827
1178,9.432583073,387.7252827
1178.5,9.431641362,388.1273707
1179,9.430680679,388.5131508
1179.5,9.42970629,388.8822055
1180,9.428724062,389.2341801
1180.5,9.427740335,389.5687076
1181,9.426761907,389.8854927
1181.5,9.425795914,390.1841712
1182,9.42484967,390.4644016
1182.5,9.423930543,390.7259119
1183,9.423046092,390.9684334
1183.5,9.422203865,391.1917004
1184,9.421411168,391.3954549
1184.5,9.420675044,391.5794774
1185,9.420002196,391.7435794
1185.5,9.419398842,391.8875784
1186,9.418870618,392.0113008
1186.5,9.418422479,392.1146319
1187,9.418058655,392.1974382
1187.5,9.417782622,392.2596299
1188,9.417597074,392.3011122
1188.5,9.417503835,392.3218705